country_id,energy_indicator_id,year,indicator_value,data_source
1,1,2016,97.7,WDI
1,2,2016,99.5,WDI
1,3,2016,97.1,WDI
1,4,2000,8.8,WDI
1,4,2016,32.4,WDI
1,5,2000,54.2,WDI
1,5,2015,18.4,WDI
1,6,2000,75.0,WDI
1,6,2015,86.1,WDI
3,1,2000,100.0,WDI
3,1,2016,100.0,WDI
3,2,2016,100.0,WDI
3,3,2016,100.0,WDI
3,4,2000,39.8,WDI
3,4,2016,77.4,WDI
3,5,2000,41.4,WDI
3,5,2015,38.6,WDI
3,6,2000,96.1,WDI
3,6,2015,100.0,WDI
4,1,2016,100.0,WDI
4,2,2016,100.0,WDI
4,3,2016,100.0,WDI
4,4,2000,86.5,WDI
4,4,2016,92.6,WDI
4,5,2000,0.4,WDI
4,5,2015,0.1,WDI
4,6,2000,0.2,WDI
4,6,2015,0.3,WDI
5,5,2000,0.0,WDI
5,5,2015,0.9,WDI
5,6,2000,0.0,WDI
5,6,2015,0.9,WDI
6,1,2000,100.0,WDI
6,1,2016,100.0,WDI
6,2,2016,100.0,WDI
6,3,2016,100.0,WDI
6,4,2000,100.0,WDI
6,4,2016,100.0,WDI
6,5,2000,14.9,WDI
6,5,2015,19.7,WDI
6,6,2000,100.0,WDI
6,6,2015,86.1,WDI
7,1,2000,20.0,WDI
7,1,2016,41.9,WDI
7,2,2016,71.2,WDI
7,3,2016,13.6,WDI
7,4,2000,1.2,WDI
7,4,2016,13.2,WDI
7,5,2000,74.5,WDI
7,5,2015,70.5,WDI
7,6,2000,58.5,WDI
7,6,2015,62.8,WDI
10,1,2000,100.0,WDI
10,1,2016,100.0,WDI
10,2,2016,100.0,WDI
10,3,2016,100.0,WDI
10,4,2000,98.9,WDI
10,4,2016,99.9,WDI
10,5,2000,1.1,WDI
10,5,2015,0.9,WDI
10,6,2000,0.0,WDI
10,6,2015,0.1,WDI
11,1,2000,95.5,WDI
11,1,2016,100.0,WDI
11,2,2016,100.0,WDI
11,3,2016,100.0,WDI
11,4,2000,99.8,WDI
11,4,2016,100.0,WDI
11,5,2000,1.9,WDI
11,5,2015,2.4,WDI
11,6,2000,2.2,WDI
11,6,2015,2.3,WDI
12,1,2000,100.0,WDI
12,1,2016,100.0,WDI
12,2,2016,100.0,WDI
12,3,2016,100.0,WDI
12,4,2000,98.2,WDI
12,4,2016,100.0,WDI
12,5,2000,7.7,WDI
12,5,2015,9.3,WDI
12,6,2000,27.0,WDI
12,6,2015,33.1,WDI
13,1,2000,100.0,WDI
13,1,2016,100.0,WDI
13,2,2016,100.0,WDI
13,3,2016,100.0,WDI
13,4,2000,100.0,WDI
13,4,2016,100.0,WDI
13,5,2000,0.4,WDI
13,5,2015,0.4,WDI
13,6,2000,0.0,WDI
13,6,2015,0.4,WDI
14,1,2000,100.0,WDI
14,1,2016,100.0,WDI
14,2,2016,100.0,WDI
14,3,2016,100.0,WDI
14,4,2000,100.0,WDI
14,4,2016,100.0,WDI
14,5,2000,6.0,WDI
14,5,2015,4.5,WDI
14,6,2000,7.9,WDI
14,6,2015,14.3,WDI
15,1,2000,100.0,WDI
15,1,2016,100.0,WDI
15,2,2016,100.0,WDI
15,3,2016,100.0,WDI
15,4,2000,100.0,WDI
15,4,2016,100.0,WDI
15,5,2000,28.2,WDI
15,5,2015,33.5,WDI
15,6,2000,64.3,WDI
15,6,2015,69.5,WDI
16,1,2000,100.0,WDI
16,1,2016,100.0,WDI
16,2,2016,100.0,WDI
16,3,2016,100.0,WDI
16,4,2000,100.0,WDI
16,4,2016,100.0,WDI
16,5,2000,1.3,WDI
16,5,2015,0.9,WDI
16,6,2015,0.3,WDI
17,1,2000,100.0,WDI
17,1,2016,100.0,WDI
17,2,2016,100.0,WDI
17,3,2016,100.0,WDI
17,4,2000,100.0,WDI
17,4,2016,100.0,WDI
17,5,2000,0.2,WDI
17,5,2015,0.4,WDI
17,6,2000,0.0,WDI
17,6,2015,0.1,WDI
18,1,2000,100.0,WDI
18,1,2016,100.0,WDI
18,2,2016,100.0,WDI
18,3,2016,100.0,WDI
18,4,2000,100.0,WDI
18,4,2016,100.0,WDI
18,5,2000,0.0,WDI
18,5,2015,0.0,WDI
18,6,2000,0.0,WDI
18,6,2015,0.0,WDI
19,1,2000,32.0,WDI
19,1,2016,75.9,WDI
19,2,2016,92.4,WDI
19,3,2016,68.4,WDI
19,4,2000,12.7,WDI
19,4,2016,14.0,WDI
19,5,2000,35.3,WDI
19,5,2015,27.9,WDI
19,6,2000,0.3,WDI
19,6,2015,1.9,WDI
20,1,2000,100.0,WDI
20,1,2016,100.0,WDI
20,2,2016,100.0,WDI
20,3,2016,100.0,WDI
20,4,2000,100.0,WDI
20,4,2016,100.0,WDI
20,5,2000,0.6,WDI
20,5,2015,0.5,WDI
20,6,2000,0.0,WDI
20,6,2015,0.0,WDI
21,1,2000,100.0,WDI
21,1,2016,100.0,WDI
21,2,2016,100.0,WDI
21,3,2016,100.0,WDI
21,4,2000,99.6,WDI
21,4,2016,100.0,WDI
21,5,2000,3.6,WDI
21,5,2015,5.8,WDI
21,6,2000,1.3,WDI
21,6,2015,3.8,WDI
22,1,2000,100.0,WDI
22,1,2016,100.0,WDI
22,2,2016,100.0,WDI
22,3,2016,100.0,WDI
22,4,2000,100.0,WDI
22,4,2016,100.0,WDI
22,5,2000,2.1,WDI
22,5,2015,4.5,WDI
22,6,2015,15.1,WDI
23,1,2000,87.6,WDI
23,1,2016,100.0,WDI
23,2,2016,100.0,WDI
23,3,2016,100.0,WDI
23,4,2000,74.7,WDI
23,4,2016,90.4,WDI
23,5,2000,32.2,WDI
23,5,2015,34.8,WDI
23,6,2000,92.0,WDI
23,6,2015,97.8,WDI
24,1,2000,14.0,WDI
24,1,2016,35.4,WDI
24,2,2016,70.1,WDI
24,3,2016,10.6,WDI
24,4,2000,2.1,WDI
24,4,2016,10.9,WDI
24,5,2000,64.8,WDI
24,5,2015,61.7,WDI
24,6,2000,97.0,WDI
24,6,2015,97.9,WDI
25,1,2000,100.0,WDI
25,1,2016,100.0,WDI
25,2,2016,100.0,WDI
25,3,2016,100.0,WDI
25,4,2000,100.0,WDI
25,4,2016,100.0,WDI
25,5,2000,0.1,WDI
25,5,2015,0.1,WDI
25,6,2000,0.0,WDI
25,6,2015,0.0,WDI
26,1,2000,84.0,WDI
26,1,2016,99.9,WDI
26,2,2016,100.0,WDI
26,3,2016,99.9,WDI
26,4,2000,98.3,WDI
26,4,2016,100.0,WDI
26,5,2000,81.4,WDI
26,5,2015,78.9,WDI
26,6,2000,100.0,WDI
26,6,2015,100.0,WDI
27,1,2000,72.0,WDI
27,1,2016,93.4,WDI
27,2,2016,99.5,WDI
27,3,2016,85.2,WDI
27,4,2000,46.7,WDI
27,4,2016,69.2,WDI
27,5,2000,26.7,WDI
27,5,2015,29.9,WDI
27,6,2000,62.8,WDI
27,6,2015,77.4,WDI
29,1,2000,100.0,WDI
29,1,2016,100.0,WDI
29,2,2016,100.0,WDI
29,3,2016,100.0,WDI
29,4,2000,84.4,WDI
29,4,2016,97.7,WDI
29,5,2000,18.0,WDI
29,5,2015,19.0,WDI
29,6,2000,45.4,WDI
29,6,2015,49.2,WDI
30,1,2000,46.6,WDI
30,1,2016,54.6,WDI
30,2,2016,90.4,WDI
30,3,2016,20.5,WDI
30,4,2000,74.8,WDI
30,4,2016,90.0,WDI
30,5,2000,40.1,WDI
30,5,2015,38.6,WDI
30,6,2000,0.0,WDI
30,6,2015,0.0,WDI
32,1,2000,94.9,WDI
32,1,2016,99.7,WDI
32,2,2016,99.9,WDI
32,3,2016,98.6,WDI
32,4,2000,99.1,WDI
32,4,2016,100.0,WDI
32,5,2000,43.2,WDI
32,5,2015,44.2,WDI
32,6,2000,85.8,WDI
32,6,2015,80.7,WDI
243,1,2000,100.0,WDI
243,1,2016,100.0,WDI
243,2,2016,100.0,WDI
243,3,2016,100.0,WDI
243,4,2000,100.0,WDI
243,4,2016,100.0,WDI
243,5,2000,0.2,WDI
243,5,2015,0.2,WDI
243,6,2000,0.0,WDI
243,6,2015,0.0,WDI
34,1,2000,100.0,WDI
34,1,2016,100.0,WDI
34,2,2016,100.0,WDI
34,3,2016,100.0,WDI
34,4,2000,100.0,WDI
34,4,2016,100.0,WDI
34,5,2000,0.1,WDI
34,5,2015,0.0,WDI
34,6,2000,0.0,WDI
34,6,2015,0.0,WDI
35,1,2000,100.0,WDI
35,1,2016,100.0,WDI
35,2,2016,100.0,WDI
35,3,2016,100.0,WDI
35,4,2000,98.6,WDI
35,4,2016,100.0,WDI
35,5,2000,12.5,WDI
35,5,2015,18.8,WDI
35,6,2000,12.7,WDI
35,6,2015,18.6,WDI
36,1,2000,11.5,WDI
36,1,2016,18.0,WDI
36,2,2016,48.2,WDI
36,3,2016,3.3,WDI
36,4,2000,2.4,WDI
36,4,2016,8.5,WDI
36,5,2000,84.6,WDI
36,5,2015,83.9,WDI
36,6,2000,78.0,WDI
36,6,2015,75.0,WDI
37,1,2000,3.0,WDI
37,1,2016,9.4,WDI
37,2,2016,38.5,WDI
37,3,2016,3.3,WDI
37,4,2000,0.2,WDI
37,4,2016,0.7,WDI
37,5,2000,93.3,WDI
37,5,2015,92.5,WDI
37,6,2015,97.7,WDI
38,1,2000,65.0,WDI
38,1,2016,95.5,WDI
38,2,2016,99.9,WDI
38,3,2016,92.2,WDI
38,4,2000,60.8,WDI
38,4,2016,91.2,WDI
38,5,2000,3.3,WDI
38,5,2015,4.6,WDI
38,6,2000,0.1,WDI
38,6,2015,2.5,WDI
39,1,2000,16.0,WDI
39,1,2016,91.8,WDI
39,2,2016,99.4,WDI
39,3,2016,89.1,WDI
39,4,2000,6.5,WDI
39,4,2016,13.4,WDI
39,5,2000,69.4,WDI
39,5,2015,68.4,WDI
39,6,2000,3.7,WDI
39,6,2015,35.7,WDI
40,1,2000,47.5,WDI
40,1,2016,58.0,WDI
40,2,2016,89.2,WDI
40,3,2016,32.7,WDI
40,4,2000,9.3,WDI
40,4,2016,15.2,WDI
40,5,2000,56.7,WDI
40,5,2015,56.5,WDI
40,6,2000,87.4,WDI
40,6,2015,87.7,WDI
41,1,2000,100.0,WDI
41,1,2016,100.0,WDI
41,2,2016,100.0,WDI
41,3,2016,100.0,WDI
41,4,2000,100.0,WDI
41,4,2016,100.0,WDI
41,5,2000,16.5,WDI
41,5,2015,17.4,WDI
41,6,2000,61.9,WDI
41,6,2015,65.8,WDI
42,1,2000,100.0,WDI
42,1,2016,100.0,WDI
42,2,2016,100.0,WDI
42,3,2016,100.0,WDI
42,4,2000,100.0,WDI
42,4,2016,100.0,WDI
42,5,2000,0.1,WDI
42,5,2015,0.1,WDI
42,6,2000,0.0,WDI
42,6,2015,0.0,WDI
43,1,2000,18.5,WDI
43,1,2016,28.8,WDI
43,2,2016,61.5,WDI
43,3,2016,16.9,WDI
43,4,2000,1.4,WDI
43,4,2016,3.4,WDI
43,5,2000,90.1,WDI
43,5,2015,88.4,WDI
43,6,2000,85.0,WDI
43,6,2015,91.4,WDI
44,1,2000,6.3,WDI
44,1,2016,9.8,WDI
44,2,2016,25.6,WDI
44,3,2016,2.2,WDI
44,4,2000,0.8,WDI
44,4,2016,3.2,WDI
44,5,2000,87.4,WDI
44,5,2015,86.0,WDI
44,6,2000,100.0,WDI
44,6,2015,98.2,WDI
45,1,2000,98.4,WDI
45,1,2016,100.0,WDI
45,2,2016,100.0,WDI
45,3,2016,100.0,WDI
45,4,2000,99.9,WDI
45,4,2016,100.0,WDI
45,5,2000,15.3,WDI
45,5,2015,21.7,WDI
45,6,2000,33.2,WDI
45,6,2015,42.0,WDI
46,1,2000,97.6,WDI
46,1,2016,99.7,WDI
46,2,2016,99.9,WDI
46,3,2016,99.5,WDI
46,4,2000,41.9,WDI
46,4,2016,64.2,WDI
46,5,2000,4.8,WDI
46,5,2015,12.4,WDI
46,6,2000,18.8,WDI
46,6,2015,26.4,WDI
49,1,2000,94.6,WDI
49,1,2016,99.6,WDI
49,2,2016,99.9,WDI
49,3,2016,98.8,WDI
49,4,2000,95.9,WDI
49,4,2016,98.4,WDI
49,5,2000,26.2,WDI
49,5,2015,27.1,WDI
49,6,2000,72.4,WDI
49,6,2015,68.9,WDI
50,1,2000,39.0,WDI
50,1,2016,72.1,WDI
50,2,2016,95.1,WDI
50,3,2016,57.1,WDI
50,4,2000,5.2,WDI
50,4,2016,16.2,WDI
50,5,2000,90.0,WDI
50,5,2015,83.4,WDI
50,6,2000,97.0,WDI
50,6,2015,97.1,WDI
51,1,2000,25.0,WDI
51,1,2016,35.1,WDI
51,2,2016,62.8,WDI
51,3,2016,14.6,WDI
51,4,2000,6.3,WDI
51,4,2016,16.2,WDI
51,5,2000,67.5,WDI
51,5,2015,60.8,WDI
51,6,2000,99.7,WDI
51,6,2015,98.1,WDI
53,1,2000,99.9,WDI
53,1,2016,100.0,WDI
53,2,2016,100.0,WDI
53,3,2016,100.0,WDI
53,5,2000,0.2,WDI
53,6,2000,0.0,WDI
53,6,2015,0.0,WDI
54,1,2000,98.6,WDI
54,1,2016,99.3,WDI
54,2,2016,99.7,WDI
54,3,2016,98.7,WDI
54,4,2000,99.0,WDI
54,4,2016,99.8,WDI
54,5,2000,27.4,WDI
54,5,2015,26.5,WDI
54,6,2000,96.5,WDI
54,6,2015,98.4,WDI
55,1,2000,44.9,WDI
55,1,2016,81.7,WDI
55,2,2016,97.9,WDI
55,3,2016,64.8,WDI
55,4,2000,17.2,WDI
55,4,2016,35.3,WDI
55,5,2000,46.9,WDI
55,5,2015,46.1,WDI
55,6,2000,38.8,WDI
55,6,2015,40.1,WDI
56,1,2000,100.0,WDI
56,1,2016,100.0,WDI
56,2,2016,100.0,WDI
56,3,2016,100.0,WDI
56,4,2000,99.1,WDI
56,4,2016,100.0,WDI
56,5,2000,14.7,WDI
56,5,2015,23.5,WDI
56,6,2000,46.8,WDI
56,6,2015,55.4,WDI
57,1,2000,97.0,WDI
57,1,2016,99.9,WDI
57,2,2016,100.0,WDI
57,3,2016,99.8,WDI
57,4,2000,99.1,WDI
57,4,2016,100.0,WDI
57,5,2000,2.1,WDI
57,5,2015,4.7,WDI
57,6,2000,7.1,WDI
57,6,2015,7.2,WDI
58,1,2000,100.0,WDI
58,1,2016,100.0,WDI
58,2,2016,100.0,WDI
58,3,2016,100.0,WDI
58,4,2000,100.0,WDI
58,4,2016,100.0,WDI
58,5,2000,0.3,WDI
58,5,2015,0.3,WDI
58,6,2000,0.0,WDI
58,6,2015,0.0,WDI
59,1,2000,100.0,WDI
59,1,2016,100.0,WDI
59,2,2016,100.0,WDI
59,3,2016,100.0,WDI
59,4,2000,100.0,WDI
59,4,2016,100.0,WDI
59,5,2000,2.0,WDI
59,5,2015,9.3,WDI
59,6,2000,1.7,WDI
59,6,2015,7.6,WDI
60,1,2000,100.0,WDI
60,1,2016,100.0,WDI
60,2,2016,100.0,WDI
60,3,2016,100.0,WDI
60,4,2000,100.0,WDI
60,4,2016,100.0,WDI
60,5,2000,4.0,WDI
60,5,2015,13.0,WDI
60,6,2000,7.5,WDI
60,6,2015,14.2,WDI
61,1,2000,100.0,WDI
61,1,2016,100.0,WDI
61,2,2016,100.0,WDI
61,3,2016,100.0,WDI
61,4,2000,100.0,WDI
61,4,2016,100.0,WDI
61,5,2000,12.5,WDI
61,5,2015,32.3,WDI
61,6,2000,17.4,WDI
61,6,2015,59.3,WDI
62,1,2000,32.0,WDI
62,1,2016,71.7,WDI
62,2,2016,90.6,WDI
62,3,2016,26.8,WDI
62,4,2000,1.6,WDI
62,4,2016,4.6,WDI
62,5,2000,73.1,WDI
62,5,2015,46.7,WDI
62,6,2000,0.0,WDI
62,6,2015,0.0,WDI
63,1,2000,98.5,WDI
63,1,2016,100.0,WDI
63,2,2016,100.0,WDI
63,3,2016,100.0,WDI
63,4,2000,98.5,WDI
63,4,2016,100.0,WDI
63,5,2000,53.2,WDI
63,5,2015,56.7,WDI
63,6,2000,85.1,WDI
63,6,2015,89.5,WDI
64,1,2000,87.6,WDI
64,1,2016,98.4,WDI
64,2,2016,99.7,WDI
64,3,2016,97.1,WDI
64,4,2000,97.1,WDI
64,4,2016,99.6,WDI
64,5,2000,9.2,WDI
64,5,2015,11.5,WDI
64,6,2000,4.9,WDI
64,6,2015,9.4,WDI
65,1,2000,91.8,WDI
65,1,2016,98.3,WDI
65,2,2016,99.8,WDI
65,3,2016,94.6,WDI
65,4,2000,93.4,WDI
65,4,2016,98.9,WDI
65,5,2000,25.8,WDI
65,5,2015,27.6,WDI
65,6,2000,61.9,WDI
65,6,2015,63.1,WDI
66,1,2000,98.5,WDI
66,1,2016,100.0,WDI
66,2,2016,100.0,WDI
66,3,2016,100.0,WDI
66,4,2000,99.9,WDI
66,4,2016,100.0,WDI
66,5,2000,0.6,WDI
66,5,2015,0.4,WDI
66,6,2000,1.4,WDI
66,6,2015,5.8,WDI
67,1,2000,80.1,WDI
67,1,2016,98.0,WDI
67,2,2016,99.7,WDI
67,3,2016,94.8,WDI
67,4,2000,63.2,WDI
67,4,2016,96.6,WDI
68,1,2000,27.7,WDI
68,1,2016,63.8,WDI
68,2,2016,90.8,WDI
68,3,2016,29.9,WDI
68,4,2000,3.7,WDI
68,4,2016,18.9,WDI
68,5,2000,31.4,WDI
68,5,2015,18.6,WDI
68,6,2000,18.6,WDI
68,6,2015,22.2,WDI
69,1,2000,17.6,WDI
69,1,2016,30.3,WDI
69,2,2016,70.9,WDI
69,4,2000,3.3,WDI
69,5,2000,84.7,WDI
70,1,2000,100.0,WDI
70,1,2016,100.0,WDI
70,2,2016,100.0,WDI
70,3,2016,100.0,WDI
70,4,2000,100.0,WDI
70,4,2016,100.0,WDI
70,5,2000,13.6,WDI
70,5,2015,28.6,WDI
70,6,2000,0.3,WDI
70,6,2015,17.7,WDI
72,1,2016,41.9,WDI
72,2,2016,89.5,WDI
72,3,2016,23.6,WDI
72,4,2000,0.6,WDI
72,4,2016,3.6,WDI
72,5,2000,89.4,WDI
72,5,2015,91.7,WDI
72,6,2000,93.9,WDI
72,6,2015,99.8,WDI
75,1,2000,97.0,WDI
75,1,2016,99.0,WDI
75,2,2016,99.9,WDI
75,3,2016,98.3,WDI
75,4,2000,98.5,WDI
75,4,2016,99.2,WDI
75,5,2000,12.2,WDI
75,5,2015,12.1,WDI
75,6,2000,3.0,WDI
75,6,2015,10.6,WDI
76,1,2000,100.0,WDI
76,1,2016,100.0,WDI
76,2,2016,100.0,WDI
76,3,2016,100.0,WDI
76,4,2000,100.0,WDI
76,4,2016,100.0,WDI
76,5,2000,27.9,WDI
76,5,2015,38.7,WDI
76,6,2000,22.5,WDI
76,6,2015,43.2,WDI
77,1,2000,100.0,WDI
77,1,2016,100.0,WDI
77,2,2016,100.0,WDI
77,3,2016,100.0,WDI
77,4,2000,100.0,WDI
77,4,2016,100.0,WDI
77,5,2000,8.1,WDI
77,5,2015,10.4,WDI
77,6,2000,15.7,WDI
77,6,2015,21.6,WDI
79,1,2000,99.4,WDI
79,1,2016,100.0,WDI
79,2,2016,100.0,WDI
79,3,2016,100.0,WDI
81,1,2000,50.0,WDI
81,1,2016,91.3,WDI
81,2,2016,97.8,WDI
81,3,2016,79.1,WDI
81,4,2000,9.4,WDI
81,4,2016,24.1,WDI
81,5,2000,40.1,WDI
81,5,2015,38.3,WDI
81,6,2000,77.9,WDI
81,6,2015,88.4,WDI
82,1,2000,24.0,WDI
82,4,2000,1.2,WDI
82,4,2016,11.5,WDI
82,5,2000,90.2,WDI
82,6,2000,100.0,WDI
82,6,2015,100.0,WDI
83,1,2000,99.2,WDI
83,1,2016,100.0,WDI
83,2,2016,100.0,WDI
83,3,2016,100.0,WDI
83,4,2000,94.7,WDI
83,4,2016,98.6,WDI
83,5,2000,13.6,WDI
83,5,2015,26.5,WDI
83,6,2000,70.8,WDI
83,6,2015,76.6,WDI
84,1,2000,100.0,WDI
84,1,2016,100.0,WDI
84,2,2016,100.0,WDI
84,3,2016,100.0,WDI
84,4,2000,100.0,WDI
84,4,2016,100.0,WDI
84,5,2000,3.7,WDI
84,5,2015,13.8,WDI
84,6,2015,28.4,WDI
85,1,2000,46.7,WDI
85,1,2016,83.9,WDI
85,2,2016,96.8,WDI
85,3,2016,66.9,WDI
85,4,2000,11.4,WDI
85,4,2016,21.8,WDI
85,5,2000,59.9,WDI
85,5,2015,62.8,WDI
87,1,2000,100.0,WDI
87,1,2016,100.0,WDI
87,2,2016,100.0,WDI
87,3,2016,100.0,WDI
87,4,2000,99.9,WDI
87,4,2016,100.0,WDI
87,5,2000,6.6,WDI
87,5,2015,16.5,WDI
87,6,2015,19.9,WDI
89,1,2000,100.0,WDI
89,1,2016,100.0,WDI
89,2,2016,100.0,WDI
89,3,2016,100.0,WDI
89,4,2000,100.0,WDI
89,4,2016,100.0,WDI
89,5,2000,0.6,WDI
89,5,2015,0.4,WDI
89,6,2000,0.0,WDI
89,6,2015,0.1,WDI
91,1,2000,100.0,WDI
91,1,2016,100.0,WDI
91,2,2016,100.0,WDI
91,3,2016,100.0,WDI
91,4,2000,100.0,WDI
91,4,2016,100.0,WDI
91,5,2000,0.1,WDI
91,5,2015,0.0,WDI
91,6,2000,0.0,WDI
91,6,2015,0.0,WDI
92,1,2000,78.2,WDI
92,1,2016,93.5,WDI
92,2,2016,99.5,WDI
92,3,2016,88.4,WDI
92,4,2000,49.2,WDI
92,4,2016,77.3,WDI
94,1,2000,15.0,WDI
94,1,2016,31.5,WDI
94,2,2016,69.5,WDI
94,3,2016,13.7,WDI
94,4,2000,1.8,WDI
94,4,2016,11.6,WDI
94,5,2000,85.2,WDI
94,5,2015,85.5,WDI
94,6,2000,52.9,WDI
94,6,2015,93.4,WDI
95,1,2000,36.0,WDI
95,4,2000,3.2,WDI
95,4,2016,17.6,WDI
95,5,2000,91.8,WDI
95,6,2000,100.0,WDI
95,6,2015,100.0,WDI
96,1,2000,83.9,WDI
96,1,2016,98.7,WDI
96,2,2016,99.9,WDI
96,3,2016,98.1,WDI
96,4,2000,76.5,WDI
96,4,2016,92.0,WDI
96,5,2000,30.4,WDI
96,5,2015,28.0,WDI
96,6,2000,49.5,WDI
96,6,2015,99.9,WDI
97,1,2000,32.2,WDI
97,1,2016,46.5,WDI
97,2,2016,70.9,WDI
97,3,2016,32.4,WDI
97,4,2000,5.3,WDI
97,4,2016,16.4,WDI
97,5,2000,80.7,WDI
97,5,2015,77.7,WDI
100,1,2000,77.3,WDI
100,1,2016,95.6,WDI
100,2,2016,98.8,WDI
100,3,2016,90.9,WDI
100,4,2000,46.7,WDI
100,4,2016,90.4,WDI
100,5,2000,41.2,WDI
100,5,2015,46.7,WDI
100,6,2000,69.4,WDI
100,6,2015,70.3,WDI
101,1,2000,100.0,WDI
101,1,2016,100.0,WDI
101,2,2016,100.0,WDI
101,3,2016,100.0,WDI
101,4,2000,100.0,WDI
101,4,2016,100.0,WDI
101,5,2000,0.0,WDI
101,5,2015,0.0,WDI
101,6,2000,0.0,WDI
101,6,2015,0.0,WDI
102,1,2000,100.0,WDI
102,1,2016,100.0,WDI
102,2,2016,100.0,WDI
102,3,2016,100.0,WDI
102,4,2000,99.8,WDI
102,4,2016,100.0,WDI
102,5,2000,3.2,WDI
102,5,2015,11.1,WDI
102,6,2000,1.5,WDI
102,6,2015,8.1,WDI
103,1,2000,100.0,WDI
103,1,2016,100.0,WDI
103,2,2016,100.0,WDI
103,3,2016,100.0,WDI
103,4,2000,100.0,WDI
103,4,2016,100.0,WDI
103,5,2000,64.2,WDI
103,5,2015,78.7,WDI
103,6,2000,99.9,WDI
103,6,2015,100.0,WDI
104,1,2000,51.0,WDI
104,1,2016,84.5,WDI
104,2,2016,97.7,WDI
104,3,2016,75.9,WDI
104,4,2000,25.8,WDI
104,4,2016,53.2,WDI
104,5,2000,27.1,WDI
104,5,2015,23.6,WDI
104,6,2000,12.7,WDI
104,6,2015,15.9,WDI
105,1,2000,54.4,WDI
105,1,2016,95.5,WDI
105,2,2016,99.7,WDI
105,3,2016,89.5,WDI
105,4,2000,32.9,WDI
105,4,2016,76.3,WDI
106,1,2000,98.5,WDI
106,1,2016,100.0,WDI
106,2,2016,100.0,WDI
106,3,2016,100.0,WDI
106,4,2000,99.5,WDI
106,4,2016,100.0,WDI
106,5,2000,0.1,WDI
106,5,2015,0.0,WDI
106,6,2000,0.1,WDI
106,6,2015,0.1,WDI
107,1,2000,98.6,WDI
107,1,2016,100.0,WDI
107,2,2016,100.0,WDI
107,3,2016,100.0,WDI
107,4,2000,99.8,WDI
107,4,2016,100.0,WDI
107,5,2000,0.0,WDI
107,5,2015,0.0,WDI
108,1,2000,100.0,WDI
108,1,2016,100.0,WDI
108,2,2016,100.0,WDI
108,3,2016,100.0,WDI
108,4,2000,100.0,WDI
108,4,2016,100.0,WDI
108,5,2000,2.1,WDI
108,5,2015,8.9,WDI
108,6,2000,2.4,WDI
108,6,2015,22.2,WDI
109,1,2000,100.0,WDI
109,1,2016,100.0,WDI
109,2,2016,100.0,WDI
109,3,2016,100.0,WDI
110,1,2000,100.0,WDI
110,1,2016,100.0,WDI
110,2,2016,100.0,WDI
110,3,2016,100.0,WDI
110,4,2000,100.0,WDI
110,4,2016,100.0,WDI
110,5,2000,1.4,WDI
110,5,2015,1.9,WDI
110,6,2000,0.1,WDI
110,6,2015,1.8,WDI
111,1,2000,100.0,WDI
111,1,2016,100.0,WDI
111,2,2016,100.0,WDI
111,3,2016,100.0,WDI
111,4,2000,100.0,WDI
111,4,2016,100.0,WDI
111,5,2000,5.7,WDI
111,5,2015,17.4,WDI
111,6,2000,18.7,WDI
111,6,2015,35.7,WDI
112,1,2000,95.4,WDI
112,1,2016,98.9,WDI
112,2,2016,99.8,WDI
112,3,2016,97.7,WDI
112,4,2000,96.3,WDI
112,4,2016,98.8,WDI
112,5,2000,1.4,WDI
112,5,2015,3.2,WDI
112,6,2000,3.3,WDI
112,6,2015,8.7,WDI
113,1,2000,100.0,WDI
113,1,2016,100.0,WDI
113,2,2016,100.0,WDI
113,3,2016,100.0,WDI
113,4,2000,100.0,WDI
113,4,2016,100.0,WDI
113,5,2000,2.1,WDI
113,5,2015,5.2,WDI
113,6,2000,11.3,WDI
113,6,2015,14.7,WDI
115,1,2000,98.7,WDI
115,1,2016,100.0,WDI
115,2,2016,100.0,WDI
115,3,2016,100.0,WDI
115,4,2000,98.4,WDI
115,4,2016,99.9,WDI
115,5,2000,1.1,WDI
115,5,2015,1.1,WDI
115,6,2000,0.5,WDI
115,6,2015,1.7,WDI
116,1,2000,100.0,WDI
116,1,2016,100.0,WDI
116,2,2016,100.0,WDI
116,3,2016,100.0,WDI
116,4,2000,100.0,WDI
116,4,2016,100.0,WDI
116,5,2000,0.1,WDI
116,5,2015,0.2,WDI
116,6,2000,7.1,WDI
116,6,2015,1.5,WDI
117,1,2000,20.0,WDI
117,1,2016,56.0,WDI
117,2,2016,80.1,WDI
117,3,2016,43.4,WDI
117,4,2000,5.1,WDI
117,4,2016,19.3,WDI
117,5,2000,71.2,WDI
117,5,2015,69.5,WDI
117,6,2000,61.9,WDI
117,6,2015,64.2,WDI
118,1,2000,80.0,WDI
118,4,2000,81.1,WDI
118,4,2016,86.0,WDI
118,5,2000,0.0,WDI
118,5,2015,0.0,WDI
118,6,2000,0.0,WDI
118,6,2015,0.0,WDI
120,1,2000,100.0,WDI
120,1,2016,100.0,WDI
120,2,2016,100.0,WDI
120,3,2016,100.0,WDI
120,4,2000,100.0,WDI
120,4,2016,100.0,WDI
120,5,2000,2.1,WDI
120,5,2015,2.1,WDI
120,6,2000,2.7,WDI
120,6,2015,4.8,WDI
999,1,2000,100.0,WDI
999,1,2016,100.0,WDI
999,2,2016,100.0,WDI
999,3,2016,100.0,WDI
999,4,2000,67.7,WDI
999,4,2016,85.2,WDI
999,5,2000,5.2,WDI
999,5,2015,9.7,WDI
999,6,2000,98.4,WDI
999,6,2015,98.9,WDI
121,1,2000,100.0,WDI
121,1,2016,100.0,WDI
121,2,2016,100.0,WDI
121,3,2016,100.0,WDI
121,4,2000,100.0,WDI
121,4,2016,100.0,WDI
121,5,2000,0.0,WDI
121,5,2015,0.0,WDI
121,6,2000,0.0,WDI
121,6,2015,0.0,WDI
122,1,2000,99.9,WDI
122,1,2016,100.0,WDI
122,2,2016,100.0,WDI
122,3,2016,100.0,WDI
122,4,2000,98.6,WDI
122,4,2016,99.7,WDI
122,5,2000,19.7,WDI
122,5,2015,21.7,WDI
122,6,2000,89.1,WDI
122,6,2015,91.8,WDI
123,1,2000,25.0,WDI
123,1,2016,90.2,WDI
123,2,2016,99.3,WDI
123,3,2016,86.3,WDI
123,4,2000,1.4,WDI
123,4,2016,12.8,WDI
123,5,2000,59.3,WDI
123,5,2015,56.7,WDI
123,6,2000,98.9,WDI
123,6,2015,99.5,WDI
124,1,2000,100.0,WDI
124,1,2016,100.0,WDI
124,2,2016,100.0,WDI
124,3,2016,100.0,WDI
124,4,2000,100.0,WDI
124,4,2016,100.0,WDI
124,5,2000,28.8,WDI
124,5,2015,37.3,WDI
124,6,2000,55.7,WDI
124,6,2015,47.7,WDI
125,1,2000,100.0,WDI
125,1,2016,100.0,WDI
125,2,2016,100.0,WDI
125,3,2016,100.0,WDI
125,4,2000,100.0,WDI
125,4,2016,100.0,WDI
125,5,2000,0.4,WDI
125,5,2015,0.3,WDI
125,6,2000,5.9,WDI
125,6,2015,5.7,WDI
126,1,2016,41.9,WDI
126,2,2016,79.8,WDI
126,3,2016,19.8,WDI
126,4,2000,4.1,WDI
126,4,2016,14.6,WDI
126,5,2000,83.9,WDI
126,5,2015,75.2,WDI
126,6,2000,99.7,WDI
126,6,2015,99.8,WDI
127,1,2000,3.6,WDI
127,1,2016,18.6,WDI
127,2,2016,40.7,WDI
127,3,2016,3.1,WDI
127,4,2000,0.4,WDI
127,4,2016,5.9,WDI
127,5,2000,96.1,WDI
127,5,2015,96.4,WDI
127,6,2000,76.5,WDI
127,6,2015,75.9,WDI
128,1,2000,100.0,WDI
128,1,2016,100.0,WDI
128,2,2016,100.0,WDI
128,3,2016,100.0,WDI
128,4,2000,100.0,WDI
128,4,2016,100.0,WDI
128,5,2000,0.0,WDI
128,5,2015,0.0,WDI
128,6,2015,0.0,WDI
129,1,2000,100.0,WDI
129,1,2016,100.0,WDI
129,2,2016,100.0,WDI
129,3,2016,100.0,WDI
129,4,2000,100.0,WDI
129,4,2016,100.0,WDI
129,5,2000,17.2,WDI
130,1,2000,100.0,WDI
130,1,2016,100.0,WDI
130,2,2016,100.0,WDI
130,3,2016,100.0,WDI
130,4,2000,100.0,WDI
130,4,2016,100.0,WDI
130,5,2000,10.0,WDI
130,5,2015,25.6,WDI
130,6,2015,15.1,WDI
131,1,2000,100.0,WDI
131,1,2016,100.0,WDI
131,2,2016,100.0,WDI
131,3,2016,100.0,WDI
131,4,2000,100.0,WDI
131,4,2016,100.0,WDI
131,5,2000,0.9,WDI
131,5,2015,4.9,WDI
131,6,2000,2.9,WDI
131,6,2015,7.4,WDI
132,1,2000,100.0,WDI
132,1,2016,100.0,WDI
132,2,2016,100.0,WDI
132,3,2016,100.0,WDI
132,4,2000,100.0,WDI
132,4,2016,100.0,WDI
132,5,2000,0.0,WDI
132,5,2015,0.0,WDI
132,6,2000,0.0,WDI
132,6,2015,0.0,WDI
165,1,2000,100.0,WDI
165,1,2016,100.0,WDI
165,2,2016,100.0,WDI
165,3,2016,100.0,WDI
165,4,2000,100.0,WDI
165,4,2016,100.0,WDI
165,5,2000,11.5,WDI
165,5,2015,17.4,WDI
165,6,2000,32.3,WDI
165,6,2015,31.0,WDI
133,1,2000,11.5,WDI
133,1,2016,23.3,WDI
133,3,2016,16.5,WDI
133,4,2000,0.7,WDI
133,4,2016,1.8,WDI
133,5,2000,82.4,WDI
133,5,2015,80.8,WDI
133,6,2000,99.2,WDI
133,6,2015,99.9,WDI
134,1,2000,4.0,WDI
134,1,2016,11.4,WDI
134,2,2016,47.8,WDI
134,3,2016,4.3,WDI
134,4,2000,0.3,WDI
134,4,2016,1.2,WDI
134,5,2000,92.5,WDI
134,5,2015,92.5,WDI
134,6,2000,97.7,WDI
134,6,2015,97.8,WDI
135,1,2000,96.3,WDI
135,1,2016,99.5,WDI
135,2,2016,100.0,WDI
135,3,2016,98.7,WDI
135,4,2000,84.9,WDI
135,4,2016,93.4,WDI
135,5,2000,4.2,WDI
135,5,2015,4.4,WDI
135,6,2000,11.2,WDI
135,6,2015,16.3,WDI
136,1,2016,97.8,WDI
136,2,2016,98.4,WDI
136,3,2016,96.9,WDI
136,4,2000,96.4,WDI
136,4,2016,98.6,WDI
136,5,2000,0.3,WDI
136,5,2015,1.2,WDI
136,6,2000,0.0,WDI
136,6,2015,0.0,WDI
137,1,2000,7.3,WDI
137,1,2016,37.1,WDI
137,2,2016,70.9,WDI
137,3,2016,13.2,WDI
137,4,2000,1.2,WDI
137,4,2016,12.4,WDI
137,5,2000,85.1,WDI
137,5,2015,80.1,WDI
137,6,2000,89.6,WDI
137,6,2015,90.0,WDI
138,1,2000,100.0,WDI
138,1,2016,100.0,WDI
138,2,2016,100.0,WDI
138,3,2016,100.0,WDI
138,4,2000,100.0,WDI
138,4,2016,100.0,WDI
138,5,2000,0.2,WDI
138,5,2015,6.5,WDI
138,6,2000,0.0,WDI
138,6,2015,5.8,WDI
139,5,2000,0.0,WDI
139,5,2015,0.0,WDI
139,6,2000,0.0,WDI
139,6,2015,0.0,WDI
141,1,2000,39.3,WDI
141,1,2016,58.8,WDI
141,2,2016,94.2,WDI
141,3,2016,34.4,WDI
141,4,2000,2.9,WDI
141,4,2016,12.2,WDI
141,5,2000,43.2,WDI
141,5,2015,42.4,WDI
142,1,2000,97.9,WDI
142,1,2016,100.0,WDI
142,2,2016,100.0,WDI
142,3,2016,100.0,WDI
142,4,2000,99.5,WDI
142,4,2016,100.0,WDI
142,5,2000,2.3,WDI
142,5,2015,2.4,WDI
142,6,2000,0.4,WDI
142,6,2015,1.4,WDI
144,1,2000,96.4,WDI
144,1,2016,99.4,WDI
144,2,2016,99.9,WDI
144,3,2016,97.7,WDI
144,4,2000,92.4,WDI
144,4,2016,97.4,WDI
144,5,2000,5.7,WDI
144,5,2015,8.2,WDI
144,6,2000,18.5,WDI
144,6,2015,18.5,WDI
145,1,2000,73.8,WDI
145,4,2000,27.6,WDI
146,1,2000,100.0,WDI
146,1,2016,100.0,WDI
146,2,2016,100.0,WDI
146,3,2016,100.0,WDI
146,4,2000,98.9,WDI
146,4,2016,100.0,WDI
146,5,2000,0.7,WDI
146,5,2015,2.8,WDI
146,6,2000,0.7,WDI
146,6,2015,1.4,WDI
147,1,2000,100.0,WDI
147,1,2016,100.0,WDI
147,2,2016,100.0,WDI
147,3,2016,100.0,WDI
147,4,2000,100.0,WDI
147,4,2016,100.0,WDI
147,5,2000,1.3,WDI
147,5,2015,1.6,WDI
148,1,2000,65.6,WDI
148,1,2016,95.5,WDI
148,2,2016,98.4,WDI
148,3,2016,87.6,WDI
148,4,2000,18.6,WDI
148,4,2016,47.9,WDI
148,5,2000,12.1,WDI
148,5,2015,9.8,WDI
148,6,2000,2.0,WDI
148,6,2015,7.2,WDI
149,1,2000,100.0,WDI
149,1,2016,100.0,WDI
149,2,2016,100.0,WDI
149,3,2016,100.0,WDI
149,4,2000,97.6,WDI
149,4,2016,99.7,WDI
149,5,2000,29.3,WDI
149,5,2015,39.2,WDI
149,6,2000,49.2,WDI
149,6,2015,50.4,WDI
151,1,2000,90.2,WDI
151,1,2016,99.5,WDI
151,2,2016,99.9,WDI
151,3,2016,98.9,WDI
151,4,2000,39.1,WDI
151,4,2016,65.2,WDI
151,5,2000,3.3,WDI
151,5,2015,4.4,WDI
151,6,2000,17.7,WDI
151,6,2015,18.2,WDI
152,1,2000,6.0,WDI
152,1,2016,27.0,WDI
152,2,2016,61.9,WDI
152,3,2016,13.6,WDI
152,4,2000,1.4,WDI
152,4,2016,2.9,WDI
152,5,2000,78.2,WDI
152,5,2015,74.0,WDI
152,6,2000,99.8,WDI
152,6,2015,99.9,WDI
153,1,2000,21.0,WDI
153,1,2016,57.7,WDI
153,2,2016,94.0,WDI
153,3,2016,48.7,WDI
153,4,2000,8.3,WDI
153,5,2000,69.5,WDI
154,1,2000,32.7,WDI
154,1,2016,48.4,WDI
154,2,2016,92.5,WDI
154,3,2016,18.6,WDI
154,4,2000,56.6,WDI
154,4,2016,67.3,WDI
154,5,2000,40.1,WDI
154,5,2015,41.4,WDI
154,6,2000,11.2,WDI
154,6,2015,28.6,WDI
156,1,2000,27.6,WDI
156,1,2016,66.6,WDI
156,2,2016,98.8,WDI
156,3,2016,59.3,WDI
156,4,2000,8.7,WDI
156,4,2016,26.0,WDI
156,5,2000,88.7,WDI
156,5,2015,87.3,WDI
156,6,2000,99.9,WDI
156,6,2015,99.8,WDI
157,1,2000,100.0,WDI
157,1,2016,100.0,WDI
157,2,2016,100.0,WDI
157,3,2016,100.0,WDI
157,4,2000,100.0,WDI
157,4,2016,100.0,WDI
157,5,2000,3.3,WDI
157,5,2015,5.5,WDI
157,6,2000,3.6,WDI
157,6,2015,12.8,WDI
158,1,2000,100.0,WDI
158,1,2016,100.0,WDI
158,2,2016,100.0,WDI
158,3,2016,100.0,WDI
158,5,2000,3.3,WDI
158,5,2015,3.2,WDI
158,6,2000,14.6,WDI
158,6,2015,15.6,WDI
159,1,2000,100.0,WDI
159,1,2016,100.0,WDI
159,2,2016,100.0,WDI
159,3,2016,100.0,WDI
159,4,2000,100.0,WDI
159,4,2016,100.0,WDI
159,5,2000,26.4,WDI
159,5,2015,32.0,WDI
159,6,2000,69.8,WDI
159,6,2015,80.8,WDI
160,1,2000,69.1,WDI
160,1,2016,90.6,WDI
160,2,2016,99.8,WDI
160,3,2016,80.8,WDI
160,4,2000,47.8,WDI
160,4,2016,80.1,WDI
160,5,2000,38.8,WDI
160,5,2015,50.2,WDI
160,6,2000,60.2,WDI
160,6,2015,65.4,WDI
161,1,2000,8.5,WDI
161,1,2016,15.2,WDI
161,2,2016,46.5,WDI
161,3,2016,2.0,WDI
161,4,2000,0.8,WDI
161,4,2016,3.9,WDI
161,5,2000,89.5,WDI
161,5,2015,88.9,WDI
161,6,2000,87.1,WDI
161,6,2015,87.8,WDI
162,1,2000,40.9,WDI
162,1,2016,55.6,WDI
162,2,2016,83.0,WDI
162,3,2016,38.2,WDI
162,4,2000,7.8,WDI
162,4,2016,11.8,WDI
162,5,2000,82.4,WDI
162,5,2015,83.9,WDI
162,6,2000,21.5,WDI
162,6,2015,16.2,WDI
167,1,2000,100.0,WDI
167,1,2016,100.0,WDI
167,2,2016,100.0,WDI
167,3,2016,100.0,WDI
167,4,2000,100.0,WDI
167,4,2016,100.0,WDI
167,5,2000,48.2,WDI
167,5,2015,65.9,WDI
167,6,2000,100.0,WDI
167,6,2015,100.0,WDI
168,1,2000,99.7,WDI
168,1,2016,100.0,WDI
168,2,2016,100.0,WDI
168,3,2016,100.0,WDI
168,4,2000,100.0,WDI
168,4,2016,100.0,WDI
168,5,2000,0.0,WDI
168,5,2015,0.1,WDI
168,6,2000,0.0,WDI
168,6,2015,0.0,WDI
169,1,2000,75.2,WDI
169,1,2016,93.5,WDI
169,2,2016,98.6,WDI
169,3,2016,89.0,WDI
169,4,2000,75.9,WDI
169,4,2016,88.2,WDI
169,5,2000,33.5,WDI
169,5,2015,33.4,WDI
169,6,2000,0.0,WDI
169,6,2015,0.0,WDI
170,1,2000,94.5,WDI
172,1,2000,88.3,WDI
172,1,2016,95.5,WDI
172,2,2016,99.7,WDI
172,3,2016,84.1,WDI
172,4,2000,84.3,WDI
172,4,2016,96.3,WDI
172,5,2000,27.6,WDI
172,5,2015,30.3,WDI
172,6,2000,53.8,WDI
172,6,2015,61.1,WDI
173,1,2000,15.7,WDI
173,1,2016,21.1,WDI
173,2,2016,59.8,WDI
173,3,2016,10.2,WDI
173,4,2000,2.7,WDI
173,4,2016,8.8,WDI
173,5,2000,81.4,WDI
173,5,2015,79.8,WDI
173,6,2000,32.4,WDI
173,6,2015,30.8,WDI
174,1,2000,94.5,WDI
174,1,2016,99.3,WDI
174,2,2016,99.9,WDI
174,3,2016,98.6,WDI
174,4,2000,98.9,WDI
174,4,2016,100.0,WDI
174,5,2000,41.9,WDI
174,6,2000,99.8,WDI
174,6,2015,99.9,WDI
175,1,2000,76.0,WDI
175,1,2016,93.4,WDI
175,2,2016,98.4,WDI
175,3,2016,84.6,WDI
175,4,2000,82.4,WDI
175,4,2016,95.6,WDI
175,5,2000,12.3,WDI
175,5,2015,16.9,WDI
175,6,2000,64.2,WDI
175,6,2015,62.1,WDI
176,1,2000,82.6,WDI
176,1,2016,90.8,WDI
176,2,2016,97.7,WDI
176,3,2016,81.3,WDI
176,4,2000,77.7,WDI
176,4,2016,86.6,WDI
176,5,2000,17.4,WDI
176,5,2015,18.0,WDI
176,6,2000,31.7,WDI
176,6,2015,28.8,WDI
178,1,2000,100.0,WDI
178,1,2016,100.0,WDI
178,2,2016,100.0,WDI
178,3,2016,100.0,WDI
178,4,2000,99.7,WDI
178,4,2016,100.0,WDI
178,5,2000,5.8,WDI
178,5,2015,11.6,WDI
178,6,2000,0.2,WDI
178,6,2015,11.5,WDI
179,1,2000,100.0,WDI
179,1,2016,100.0,WDI
179,2,2016,100.0,WDI
179,3,2016,100.0,WDI
179,4,2000,100.0,WDI
179,4,2016,100.0,WDI
179,5,2000,19.0,WDI
179,5,2015,30.5,WDI
179,6,2000,37.3,WDI
179,6,2015,53.7,WDI
180,1,2000,100.0,WDI
180,1,2016,100.0,WDI
180,2,2016,100.0,WDI
180,3,2016,100.0,WDI
180,4,2000,100.0,WDI
180,4,2016,100.0,WDI
180,5,2000,1.0,WDI
180,5,2015,0.9,WDI
180,6,2000,0.1,WDI
180,6,2015,0.5,WDI
181,1,2000,100.0,WDI
181,1,2016,100.0,WDI
181,2,2016,100.0,WDI
181,3,2016,100.0,WDI
181,4,2000,100.0,WDI
181,4,2016,100.0,WDI
181,5,2000,0.0,WDI
181,5,2015,0.0,WDI
181,6,2000,0.0,WDI
181,6,2015,0.0,WDI
183,1,2000,100.0,WDI
183,1,2016,100.0,WDI
183,2,2016,100.0,WDI
183,3,2016,100.0,WDI
183,4,2000,97.8,WDI
183,4,2016,100.0,WDI
183,5,2000,15.2,WDI
183,5,2015,23.5,WDI
183,6,2000,23.1,WDI
183,6,2015,43.4,WDI
184,1,2000,100.0,WDI
184,1,2016,100.0,WDI
184,2,2016,100.0,WDI
184,3,2016,100.0,WDI
184,4,2000,100.0,WDI
184,4,2016,100.0,WDI
184,5,2000,2.3,WDI
184,5,2015,2.8,WDI
184,6,2000,17.3,WDI
184,6,2015,16.8,WDI
185,1,2000,6.4,WDI
185,1,2016,27.5,WDI
185,2,2016,70.9,WDI
185,3,2016,18.9,WDI
185,4,2000,0.8,WDI
185,4,2016,1.6,WDI
185,5,2000,85.2,WDI
185,5,2015,85.1,WDI
185,6,2000,99.9,WDI
185,6,2015,97.4,WDI
193,1,2000,97.5,WDI
193,1,2016,100.0,WDI
193,2,2016,100.0,WDI
193,3,2016,100.0,WDI
193,4,2000,77.9,WDI
193,4,2016,85.4,WDI
193,5,2000,3.2,WDI
193,5,2015,7.7,WDI
193,6,2000,0.0,WDI
193,6,2015,14.6,WDI
195,1,2000,28.7,WDI
195,1,2016,69.5,WDI
195,2,2016,98.1,WDI
195,3,2016,51.1,WDI
195,4,2000,1.5,WDI
195,4,2016,13.2,WDI
195,5,2000,50.1,WDI
195,5,2015,40.6,WDI
195,6,2000,98.3,WDI
195,6,2015,98.9,WDI
196,1,2000,99.6,WDI
196,1,2016,100.0,WDI
196,2,2016,100.0,WDI
196,3,2016,100.0,WDI
196,4,2000,100.0,WDI
196,4,2016,100.0,WDI
196,5,2000,0.0,WDI
196,5,2015,0.0,WDI
196,6,2000,0.0,WDI
196,6,2015,0.0,WDI
197,1,2016,60.2,WDI
197,2,2016,88.7,WDI
197,3,2016,35.4,WDI
197,4,2016,19.3,WDI
197,5,2000,47.2,WDI
197,5,2015,46.7,WDI
197,6,2000,99.0,WDI
197,6,2015,99.4,WDI
198,1,2000,100.0,WDI
198,1,2016,100.0,WDI
198,2,2016,100.0,WDI
198,3,2016,100.0,WDI
198,4,2000,99.3,WDI
198,4,2016,100.0,WDI
198,5,2000,15.8,WDI
198,5,2015,24.7,WDI
198,6,2000,28.8,WDI
198,6,2015,32.7,WDI
199,1,2000,100.0,WDI
199,1,2016,100.0,WDI
199,2,2016,100.0,WDI
199,3,2016,100.0,WDI
199,4,2000,100.0,WDI
199,4,2016,100.0,WDI
199,5,2000,0.8,WDI
199,5,2015,1.1,WDI
199,6,2000,0.0,WDI
199,6,2015,0.0,WDI
200,1,2000,4.3,WDI
200,1,2016,20.8,WDI
200,2,2016,49.5,WDI
200,3,2016,6.7,WDI
200,4,2000,0.3,WDI
200,4,2016,2.9,WDI
200,5,2000,90.8,WDI
200,5,2015,88.8,WDI
200,6,2000,95.7,WDI
200,6,2015,96.5,WDI
201,1,2000,100.0,WDI
201,1,2016,100.0,WDI
201,2,2016,100.0,WDI
201,3,2016,100.0,WDI
201,4,2000,100.0,WDI
201,4,2016,100.0,WDI
201,5,2000,0.1,WDI
201,5,2015,0.1,WDI
201,6,2000,0.0,WDI
201,6,2015,0.0,WDI
203,1,2000,100.0,WDI
203,1,2016,100.0,WDI
203,2,2016,100.0,WDI
203,3,2016,100.0,WDI
203,4,2000,98.6,WDI
203,4,2016,99.9,WDI
203,5,2000,3.7,WDI
203,5,2015,11.5,WDI
203,6,2000,19.1,WDI
203,6,2015,20.5,WDI
204,1,2000,100.0,WDI
204,1,2016,100.0,WDI
204,2,2016,100.0,WDI
204,3,2016,100.0,WDI
204,4,2000,99.9,WDI
204,4,2016,100.0,WDI
204,5,2000,16.2,WDI
204,5,2015,21.6,WDI
204,6,2000,35.3,WDI
204,6,2015,34.5,WDI
205,1,2000,10.2,WDI
205,4,2000,2.7,WDI
205,4,2016,22.4,WDI
205,5,2000,94.9,WDI
207,1,2000,78.2,WDI
207,1,2016,84.2,WDI
207,2,2016,97.4,WDI
207,3,2016,69.9,WDI
207,4,2000,84.9,WDI
207,4,2016,88.3,WDI
207,5,2000,16.8,WDI
207,5,2015,18.6,WDI
207,6,2000,0.6,WDI
207,6,2015,1.4,WDI
210,1,2000,100.0,WDI
210,1,2016,100.0,WDI
210,2,2016,100.0,WDI
210,3,2016,100.0,WDI
210,4,2000,100.0,WDI
210,4,2016,100.0,WDI
210,5,2000,6.6,WDI
210,5,2015,14.4,WDI
210,6,2000,24.1,WDI
210,6,2015,38.6,WDI
211,1,2000,71.0,WDI
211,1,2016,98.5,WDI
211,2,2016,99.8,WDI
211,3,2016,97.5,WDI
211,4,2000,82.4,WDI
211,4,2016,98.8,WDI
211,5,2000,59.3,WDI
211,5,2015,55.8,WDI
211,6,2000,70.4,WDI
211,6,2015,49.2,WDI
212,1,2000,36.5,WDI
212,1,2016,50.0,WDI
212,2,2016,75.4,WDI
212,3,2016,36.9,WDI
212,4,2000,8.4,WDI
212,4,2016,14.0,WDI
212,5,2000,79.5,WDI
212,5,2015,80.1,WDI
213,1,2000,90.9,WDI
213,1,2016,99.6,WDI
213,2,2016,99.9,WDI
213,3,2016,99.4,WDI
213,4,2000,96.3,WDI
213,4,2016,99.8,WDI
213,5,2000,30.2,WDI
213,5,2015,29.9,WDI
215,1,2000,100.0,WDI
215,1,2016,100.0,WDI
215,2,2016,100.0,WDI
215,3,2016,100.0,WDI
215,4,2000,100.0,WDI
215,4,2016,100.0,WDI
215,5,2000,32.9,WDI
215,5,2015,53.9,WDI
215,6,2000,45.8,WDI
215,6,2015,63.1,WDI
216,1,2000,100.0,WDI
216,1,2016,100.0,WDI
216,2,2016,100.0,WDI
216,3,2016,100.0,WDI
216,4,2000,100.0,WDI
216,4,2016,100.0,WDI
216,5,2000,19.2,WDI
216,5,2015,23.3,WDI
216,6,2000,55.5,WDI
216,6,2015,59.6,WDI
217,1,2000,100.0,WDI
217,4,2000,99.3,WDI
219,1,2000,92.5,WDI
219,1,2016,99.9,WDI
219,2,2016,100.0,WDI
219,3,2016,99.9,WDI
219,4,2000,92.2,WDI
219,4,2016,99.9,WDI
219,5,2000,19.2,WDI
219,5,2015,20.2,WDI
219,6,2000,99.7,WDI
219,6,2015,99.9,WDI
220,1,2000,9.6,WDI
220,1,2016,32.8,WDI
220,2,2016,65.3,WDI
220,3,2016,17.3,WDI
220,4,2000,1.1,WDI
220,4,2016,2.2,WDI
220,5,2000,93.7,WDI
220,5,2015,85.7,WDI
220,6,2000,86.4,WDI
220,6,2015,34.2,WDI
221,1,2000,82.1,WDI
221,1,2016,100.0,WDI
221,2,2016,99.9,WDI
221,3,2016,100.0,WDI
221,4,2000,68.0,WDI
221,4,2016,74.4,WDI
221,5,2000,22.0,WDI
221,5,2015,22.9,WDI
221,6,2000,6.8,WDI
221,6,2015,8.5,WDI
222,1,2000,25.6,WDI
222,1,2016,76.5,WDI
222,2,2016,98.4,WDI
222,3,2016,67.2,WDI
222,4,2000,2.3,WDI
222,4,2016,6.9,WDI
222,5,2000,48.3,WDI
222,5,2015,18.2,WDI
222,6,2000,0.0,WDI
222,6,2015,0.0,WDI
223,1,2000,17.0,WDI
223,1,2016,47.4,WDI
223,2,2016,87.1,WDI
223,3,2016,20.2,WDI
223,4,2000,0.3,WDI
223,4,2016,6.7,WDI
223,5,2000,77.1,WDI
223,5,2015,71.3,WDI
223,6,2000,57.1,WDI
223,6,2015,75.3,WDI
225,1,2000,85.4,WDI
225,1,2016,97.0,WDI
225,2,2016,98.6,WDI
225,3,2016,96.5,WDI
225,4,2000,48.0,WDI
225,4,2016,59.2,WDI
225,5,2000,2.5,WDI
225,5,2015,1.9,WDI
225,6,2000,0.0,WDI
225,6,2015,5.9,WDI
226,1,2000,91.3,WDI
226,1,2016,100.0,WDI
226,2,2016,100.0,WDI
226,3,2016,100.0,WDI
226,4,2000,98.7,WDI
226,4,2016,99.3,WDI
226,5,2000,0.8,WDI
226,5,2015,0.3,WDI
226,6,2000,0.4,WDI
226,6,2015,0.0,WDI
227,1,2000,94.8,WDI
227,1,2016,100.0,WDI
227,2,2016,100.0,WDI
227,3,2016,100.0,WDI
227,4,2000,93.3,WDI
227,4,2016,99.1,WDI
227,5,2000,14.2,WDI
227,5,2015,12.6,WDI
227,6,2000,0.0,WDI
227,6,2015,0.0,WDI
228,1,2000,98.5,WDI
228,1,2016,99.9,WDI
228,2,2016,99.7,WDI
228,3,2016,100.0,WDI
228,4,2000,38.7,WDI
228,4,2016,80.4,WDI
228,5,2000,62.4,WDI
228,5,2015,44.7,WDI
228,6,2000,98.4,WDI
228,6,2015,98.5,WDI
232,1,2000,9.2,WDI
232,1,2016,22.3,WDI
232,2,2016,56.1,WDI
232,3,2016,11.8,WDI
232,4,2000,0.5,WDI
232,4,2016,1.4,WDI
232,5,2000,93.2,WDI
232,5,2015,92.8,WDI
232,6,2000,98.9,WDI
232,6,2015,98.6,WDI
233,1,2000,100.0,WDI
233,1,2016,100.0,WDI
233,2,2016,100.0,WDI
233,3,2016,100.0,WDI
233,4,2000,97.7,WDI
233,4,2016,100.0,WDI
233,5,2000,1.7,WDI
233,5,2015,4.5,WDI
233,6,2015,5.1,WDI
234,1,2000,100.0,WDI
234,1,2016,100.0,WDI
234,2,2016,100.0,WDI
234,3,2016,100.0,WDI
234,4,2000,100.0,WDI
234,4,2016,100.0,WDI
234,5,2000,0.0,WDI
234,5,2015,0.0,WDI
234,6,2000,0.0,WDI
234,6,2015,0.0,WDI
235,1,2000,100.0,WDI
235,1,2016,100.0,WDI
235,2,2016,100.0,WDI
235,3,2016,100.0,WDI
235,4,2000,100.0,WDI
235,4,2016,100.0,WDI
235,5,2000,2.8,WDI
235,5,2015,9.0,WDI
235,6,2000,2.8,WDI
235,6,2015,24.8,WDI
236,1,2000,100.0,WDI
236,1,2016,100.0,WDI
236,2,2016,100.0,WDI
236,3,2016,100.0,WDI
236,4,2000,100.0,WDI
236,4,2016,100.0,WDI
236,5,2000,5.3,WDI
236,5,2015,8.7,WDI
236,6,2000,10.6,WDI
236,6,2015,13.6,WDI
238,1,2000,97.8,WDI
238,1,2016,100.0,WDI
238,2,2016,100.0,WDI
238,3,2016,100.0,WDI
238,4,2000,98.8,WDI
238,4,2016,100.0,WDI
238,5,2000,15.7,WDI
238,5,2015,29.9,WDI
238,6,2000,29.1,WDI
238,6,2015,52.2,WDI
239,1,2000,99.9,WDI
239,1,2016,100.0,WDI
239,2,2016,100.0,WDI
239,3,2016,100.0,WDI
239,4,2000,99.9,WDI
239,4,2016,100.0,WDI
239,5,2000,0.3,WDI
239,5,2015,0.2,WDI
239,6,2000,11.6,WDI
239,6,2015,11.0,WDI
240,1,2000,14.0,WDI
240,4,2000,3.3,WDI
240,4,2016,12.2,WDI
240,5,2000,85.7,WDI
240,6,2000,100.0,WDI
241,1,2000,97.9,WDI
241,1,2016,100.0,WDI
241,2,2016,100.0,WDI
241,3,2016,100.0,WDI
241,4,2000,99.5,WDI
241,4,2016,100.0,WDI
241,5,2000,3.6,WDI
241,5,2015,5.0,WDI
241,6,2000,61.4,WDI
241,6,2015,63.1,WDI
242,1,2000,53.2,WDI
242,1,2016,99.1,WDI
242,2,2016,99.8,WDI
242,3,2016,98.4,WDI
242,4,2000,59.0,WDI
242,4,2016,96.4,WDI
242,5,2000,32.2,WDI
242,5,2015,38.6,WDI
171,1,2000,100.0,WDI
171,1,2016,100.0,WDI
171,2,2016,100.0,WDI
171,3,2016,100.0,WDI
171,4,2000,98.5,WDI
171,4,2016,99.6,WDI
171,5,2000,0.1,WDI
171,5,2015,0.1,WDI
247,1,2000,70.0,WDI
247,1,2016,72.4,WDI
247,2,2016,90.4,WDI
247,3,2016,63.9,WDI
247,4,2000,9.4,WDI
247,4,2016,26.6,WDI
248,1,2000,23.0,WDI
248,1,2016,27.5,WDI
248,2,2016,60.6,WDI
248,3,2016,8.6,WDI
248,4,2000,1.4,WDI
248,4,2016,6.7,WDI
248,5,2000,85.1,WDI
248,5,2015,84.1,WDI
248,6,2000,99.9,WDI
248,6,2015,99.9,WDI
249,2,2016,58.3,WDI
249,3,2016,27.7,WDI
249,4,2000,2.2,WDI
249,4,2016,11.2,WDI
249,5,2000,74.6,WDI
249,5,2015,78.0,WDI
249,6,2015,57.7,WDI
