country_id,health_indicator_id,indicator_value,year,source_notes
1,1,10.2,2016,WDI 2016
3,1,6.7,2016,WDI 2016
4,1,6.6,2016,WDI 2016
5,1,\N,2016,WDI 2016
6,1,10.4,2016,WDI 2016
7,1,2.9,2016,WDI 2016
10,1,4.3,2016,WDI 2016
11,1,7.5,2016,WDI 2016
12,1,9.9,2016,WDI 2016
13,1,\N,2016,WDI 2016
14,1,9.3,2016,WDI 2016
15,1,10.4,2016,WDI 2016
16,1,6.9,2016,WDI 2016
18,1,4.9,2016,WDI 2016
19,1,2.4,2016,WDI 2016
20,1,7.0,2016,WDI 2016
21,1,6.3,2016,WDI 2016
22,1,10.0,2016,WDI 2016
23,1,6.1,2016,WDI 2016
24,1,3.9,2016,WDI 2016
25,1,\N,2016,WDI 2016
26,1,3.5,2016,WDI 2016
27,1,6.9,2016,WDI 2016
30,1,5.5,2016,WDI 2016
32,1,11.8,2016,WDI 2016
34,1,2.3,2016,WDI 2016
35,1,8.2,2016,WDI 2016
36,1,6.8,2016,WDI 2016
37,1,6.2,2016,WDI 2016
38,1,5.2,2016,WDI 2016
39,1,6.1,2016,WDI 2016
40,1,4.7,2016,WDI 2016
41,1,10.5,2016,WDI 2016
42,1,\N,2016,WDI 2016
43,1,4.3,2016,WDI 2016
44,1,4.5,2016,WDI 2016
45,1,8.5,2016,WDI 2016
46,1,5.0,2016,WDI 2016
49,1,5.9,2016,WDI 2016
50,1,7.6,2016,WDI 2016
54,1,7.6,2016,WDI 2016
56,1,7.2,2016,WDI 2016
57,1,12.2,2016,WDI 2016
59,1,6.9,2016,WDI 2016
60,1,7.1,2016,WDI 2016
61,1,10.4,2016,WDI 2016
62,1,3.5,2016,WDI 2016
63,1,5.3,2016,WDI 2016
64,1,6.2,2016,WDI 2016
65,1,8.4,2016,WDI 2016
67,1,7.0,2016,WDI 2016
68,1,3.4,2016,WDI 2016
69,1,3.0,2016,WDI 2016
70,1,6.7,2016,WDI 2016
71,1,7.7,2016,WDI 2016
72,1,4.0,2016,WDI 2016
74,1,\N,2016,WDI 2016
75,1,3.5,2016,WDI 2016
76,1,9.5,2016,WDI 2016
77,1,11.5,2016,WDI 2016
79,1,\N,2016,WDI 2016
81,1,3.1,2016,WDI 2016
83,1,8.4,2016,WDI 2016
84,1,11.1,2016,WDI 2016
85,1,4.4,2016,WDI 2016
87,1,8.5,2016,WDI 2016
88,1,\N,2016,WDI 2016
89,1,5.2,2016,WDI 2016
91,1,\N,2016,WDI 2016
92,1,5.8,2016,WDI 2016
94,1,5.5,2016,WDI 2016
96,1,4.2,2016,WDI 2016
97,1,5.4,2016,WDI 2016
100,1,8.4,2016,WDI 2016
102,1,7.4,2016,WDI 2016
103,1,8.3,2016,WDI 2016
104,1,3.7,2016,WDI 2016
105,1,3.1,2016,WDI 2016
107,1,3.3,2016,WDI 2016
108,1,7.4,2016,WDI 2016
109,1,\N,2016,WDI 2016
110,1,7.3,2016,WDI 2016
111,1,8.9,2016,WDI 2016
112,1,6.1,2016,WDI 2016
113,1,10.9,2016,WDI 2016
115,1,5.5,2016,WDI 2016
116,1,3.5,2016,WDI 2016
117,1,4.5,2016,WDI 2016
118,1,11.9,2016,WDI 2016
121,1,3.9,2016,WDI 2016
124,1,6.2,2016,WDI 2016
125,1,8.0,2016,WDI 2016
126,1,8.1,2016,WDI 2016
127,1,9.6,2016,WDI 2016
128,1,\N,2016,WDI 2016
129,1,\N,2016,WDI 2016
130,1,6.7,2016,WDI 2016
131,1,6.2,2016,WDI 2016
133,1,6.0,2016,WDI 2016
134,1,9.8,2016,WDI 2016
135,1,3.8,2016,WDI 2016
136,1,10.6,2016,WDI 2016
137,1,3.8,2016,WDI 2016
138,1,9.3,2016,WDI 2016
139,1,23.3,2016,WDI 2016
141,1,4.2,2016,WDI 2016
142,1,5.7,2016,WDI 2016
144,1,5.5,2016,WDI 2016
146,1,9.0,2016,WDI 2016
147,1,1.7,2016,WDI 2016
148,1,3.8,2016,WDI 2016
149,1,7.6,2016,WDI 2016
151,1,5.8,2016,WDI 2016
152,1,5.1,2016,WDI 2016
153,1,5.1,2016,WDI 2016
154,1,9.1,2016,WDI 2016
156,1,6.3,2016,WDI 2016
157,1,10.4,2016,WDI 2016
158,1,\N,2016,WDI 2016
159,1,9.2,2016,WDI 2016
160,1,8.7,2016,WDI 2016
161,1,6.2,2016,WDI 2016
162,1,3.6,2016,WDI 2016
166,1,\N,2016,WDI 2016
167,1,10.5,2016,WDI 2016
168,1,4.3,2016,WDI 2016
169,1,2.8,2016,WDI 2016
170,1,11.7,2016,WDI 2016
172,1,7.3,2016,WDI 2016
173,1,2.0,2016,WDI 2016
174,1,8.0,2016,WDI 2016
175,1,5.1,2016,WDI 2016
176,1,4.4,2016,WDI 2016
178,1,6.5,2016,WDI 2016
179,1,9.1,2016,WDI 2016
180,1,\N,2016,WDI 2016
181,1,3.1,2016,WDI 2016
183,1,5.0,2016,WDI 2016
185,1,6.8,2016,WDI 2016
193,1,5.5,2016,WDI 2016
194,1,6.4,2016,WDI 2016
195,1,6.0,2016,WDI 2016
196,1,5.7,2016,WDI 2016
197,1,5.5,2016,WDI 2016
198,1,9.1,2016,WDI 2016
199,1,3.9,2016,WDI 2016
200,1,16.5,2016,WDI 2016
201,1,4.5,2016,WDI 2016
202,1,\N,2016,WDI 2016
204,1,8.5,2016,WDI 2016
205,1,5.2,2016,WDI 2016
206,1,\N,2016,WDI 2016
207,1,8.1,2016,WDI 2016
209,1,\N,2016,WDI 2016
210,1,9.0,2016,WDI 2016
211,1,3.9,2016,WDI 2016
212,1,5.7,2016,WDI 2016
213,1,6.1,2016,WDI 2016
215,1,10.9,2016,WDI 2016
216,1,12.2,2016,WDI 2016
219,1,7.0,2016,WDI 2016
220,1,4.1,2016,WDI 2016
221,1,3.7,2016,WDI 2016
222,1,4.0,2016,WDI 2016
223,1,6.6,2016,WDI 2016
225,1,5.3,2016,WDI 2016
226,1,6.5,2016,WDI 2016
227,1,7.0,2016,WDI 2016
228,1,4.3,2016,WDI 2016
229,1,6.6,2016,WDI 2016
230,1,\N,2016,WDI 2016
231,1,15.5,2016,WDI 2016
232,1,6.2,2016,WDI 2016
233,1,6.7,2016,WDI 2016
234,1,3.5,2016,WDI 2016
235,1,9.8,2016,WDI 2016
236,1,17.1,2016,WDI 2016
238,1,9.1,2016,WDI 2016
239,1,6.3,2016,WDI 2016
240,1,3.7,2016,WDI 2016
242,1,5.7,2016,WDI 2016
244,1,\N,2016,WDI 2016
248,1,4.5,2016,WDI 2016
249,1,9.4,2016,WDI 2016
1,2,5.1,2016,WDI 2016
3,2,41.4,2016,WDI 2016
4,2,67.7,2016,WDI 2016
5,2,\N,2016,WDI 2016
6,2,49.1,2016,WDI 2016
7,2,44.1,2016,WDI 2016
10,2,60.6,2016,WDI 2016
11,2,74.4,2016,WDI 2016
12,2,16.5,2016,WDI 2016
13,2,\N,2016,WDI 2016
14,2,68.3,2016,WDI 2016
15,2,72.5,2016,WDI 2016
16,2,20.0,2016,WDI 2016
18,2,61.4,2016,WDI 2016
19,2,18.0,2016,WDI 2016
20,2,45.9,2016,WDI 2016
21,2,61.4,2016,WDI 2016
22,2,84.1,2016,WDI 2016
23,2,66.3,2016,WDI 2016
24,2,20.5,2016,WDI 2016
25,2,\N,2016,WDI 2016
26,2,74.0,2016,WDI 2016
27,2,65.7,2016,WDI 2016
30,2,55.9,2016,WDI 2016
32,2,33.2,2016,WDI 2016
34,2,94.9,2016,WDI 2016
35,2,50.6,2016,WDI 2016
36,2,40.1,2016,WDI 2016
37,2,29.1,2016,WDI 2016
38,2,56.8,2016,WDI 2016
39,2,21.8,2016,WDI 2016
40,2,13.3,2016,WDI 2016
41,2,73.4,2016,WDI 2016
42,2,\N,2016,WDI 2016
43,2,14.9,2016,WDI 2016
44,2,18.9,2016,WDI 2016
45,2,58.5,2016,WDI 2016
46,2,58.0,2016,WDI 2016
49,2,62.3,2016,WDI 2016
50,2,14.6,2016,WDI 2016
54,2,74.8,2016,WDI 2016
56,2,78.2,2016,WDI 2016
57,2,89.6,2016,WDI 2016
59,2,42.2,2016,WDI 2016
60,2,81.9,2016,WDI 2016
61,2,84.1,2016,WDI 2016
62,2,45.8,2016,WDI 2016
63,2,64.3,2016,WDI 2016
64,2,45.7,2016,WDI 2016
65,2,51.2,2016,WDI 2016
67,2,64.5,2016,WDI 2016
68,2,23.5,2016,WDI 2016
69,2,29.2,2016,WDI 2016
70,2,75.4,2016,WDI 2016
71,2,69.3,2016,WDI 2016
72,2,27.6,2016,WDI 2016
74,2,\N,2016,WDI 2016
75,2,63.9,2016,WDI 2016
76,2,77.4,2016,WDI 2016
77,2,82.9,2016,WDI 2016
79,2,\N,2016,WDI 2016
81,2,64.6,2016,WDI 2016
83,2,36.6,2016,WDI 2016
84,2,84.7,2016,WDI 2016
85,2,38.4,2016,WDI 2016
87,2,60.7,2016,WDI 2016
88,2,\N,2016,WDI 2016
89,2,41.3,2016,WDI 2016
91,2,\N,2016,WDI 2016
92,2,37.2,2016,WDI 2016
94,2,12.3,2016,WDI 2016
96,2,58.9,2016,WDI 2016
97,2,15.3,2016,WDI 2016
100,2,45.9,2016,WDI 2016
102,2,65.9,2016,WDI 2016
103,2,81.5,2016,WDI 2016
104,2,25.4,2016,WDI 2016
105,2,44.7,2016,WDI 2016
107,2,21.1,2016,WDI 2016
108,2,72.1,2016,WDI 2016
109,2,\N,2016,WDI 2016
110,2,62.5,2016,WDI 2016
111,2,74.5,2016,WDI 2016
112,2,60.6,2016,WDI 2016
113,2,83.6,2016,WDI 2016
115,2,63.2,2016,WDI 2016
116,2,58.8,2016,WDI 2016
117,2,36.2,2016,WDI 2016
118,2,79.6,2016,WDI 2016
121,2,83.9,2016,WDI 2016
124,2,54.6,2016,WDI 2016
125,2,52.1,2016,WDI 2016
126,2,63.8,2016,WDI 2016
127,2,14.2,2016,WDI 2016
128,2,\N,2016,WDI 2016
129,2,\N,2016,WDI 2016
130,2,65.6,2016,WDI 2016
131,2,81.2,2016,WDI 2016
133,2,47.7,2016,WDI 2016
134,2,28.0,2016,WDI 2016
135,2,50.5,2016,WDI 2016
136,2,72.6,2016,WDI 2016
137,2,31.6,2016,WDI 2016
138,2,63.1,2016,WDI 2016
139,2,52.6,2016,WDI 2016
141,2,36.7,2016,WDI 2016
142,2,44.1,2016,WDI 2016
144,2,52.1,2016,WDI 2016
146,2,48.8,2016,WDI 2016
147,2,79.6,2016,WDI 2016
148,2,56.7,2016,WDI 2016
149,2,75.0,2016,WDI 2016
151,2,46.9,2016,WDI 2016
152,2,53.3,2016,WDI 2016
153,2,20.1,2016,WDI 2016
154,2,61.9,2016,WDI 2016
156,2,18.6,2016,WDI 2016
157,2,81.0,2016,WDI 2016
158,2,\N,2016,WDI 2016
159,2,78.7,2016,WDI 2016
160,2,61.3,2016,WDI 2016
161,2,24.3,2016,WDI 2016
162,2,13.0,2016,WDI 2016
166,2,\N,2016,WDI 2016
167,2,85.1,2016,WDI 2016
168,2,89.1,2016,WDI 2016
169,2,27.9,2016,WDI 2016
170,2,59.8,2016,WDI 2016
172,2,65.6,2016,WDI 2016
173,2,70.0,2016,WDI 2016
174,2,51.6,2016,WDI 2016
175,2,64.1,2016,WDI 2016
176,2,31.5,2016,WDI 2016
178,2,69.7,2016,WDI 2016
179,2,66.4,2016,WDI 2016
180,2,\N,2016,WDI 2016
181,2,81.6,2016,WDI 2016
183,2,78.2,2016,WDI 2016
185,2,33.9,2016,WDI 2016
193,2,76.4,2016,WDI 2016
194,2,80.4,2016,WDI 2016
195,2,39.9,2016,WDI 2016
196,2,67.8,2016,WDI 2016
197,2,34.6,2016,WDI 2016
198,2,58.0,2016,WDI 2016
199,2,96.0,2016,WDI 2016
200,2,11.2,2016,WDI 2016
201,2,54.5,2016,WDI 2016
202,2,\N,2016,WDI 2016
204,2,72.3,2016,WDI 2016
205,2,69.2,2016,WDI 2016
206,2,\N,2016,WDI 2016
207,2,53.7,2016,WDI 2016
209,2,\N,2016,WDI 2016
210,2,71.2,2016,WDI 2016
211,2,43.1,2016,WDI 2016
212,2,19.5,2016,WDI 2016
213,2,69.4,2016,WDI 2016
215,2,83.5,2016,WDI 2016
216,2,62.8,2016,WDI 2016
219,2,28.6,2016,WDI 2016
220,2,40.6,2016,WDI 2016
221,2,78.1,2016,WDI 2016
222,2,55.8,2016,WDI 2016
223,2,20.0,2016,WDI 2016
225,2,65.9,2016,WDI 2016
226,2,52.8,2016,WDI 2016
227,2,56.6,2016,WDI 2016
228,2,78.4,2016,WDI 2016
229,2,18.5,2016,WDI 2016
230,2,\N,2016,WDI 2016
231,2,84.5,2016,WDI 2016
232,2,16.6,2016,WDI 2016
233,2,42.4,2016,WDI 2016
234,2,72.5,2016,WDI 2016
235,2,80.2,2016,WDI 2016
236,2,81.8,2016,WDI 2016
238,2,71.7,2016,WDI 2016
239,2,46.1,2016,WDI 2016
240,2,53.9,2016,WDI 2016
242,2,47.4,2016,WDI 2016
244,2,\N,2016,WDI 2016
248,2,38.3,2016,WDI 2016
249,2,46.5,2016,WDI 2016
1,3,77.4,2016,WDI 2016
3,3,58.0,2016,WDI 2016
4,3,30.9,2016,WDI 2016
5,3,\N,2016,WDI 2016
6,3,41.7,2016,WDI 2016
7,3,35.2,2016,WDI 2016
10,3,32.2,2016,WDI 2016
11,3,15.8,2016,WDI 2016
12,3,80.6,2016,WDI 2016
13,3,\N,2016,WDI 2016
14,3,18.9,2016,WDI 2016
15,3,18.9,2016,WDI 2016
16,3,78.9,2016,WDI 2016
18,3,28.0,2016,WDI 2016
19,3,71.9,2016,WDI 2016
20,3,45.2,2016,WDI 2016
21,3,35.8,2016,WDI 2016
22,3,15.9,2016,WDI 2016
23,3,22.9,2016,WDI 2016
24,3,43.5,2016,WDI 2016
25,3,\N,2016,WDI 2016
26,3,20.1,2016,WDI 2016
27,3,28.0,2016,WDI 2016
30,3,5.2,2016,WDI 2016
32,3,43.6,2016,WDI 2016
34,3,5.1,2016,WDI 2016
35,3,48.0,2016,WDI 2016
36,3,31.4,2016,WDI 2016
37,3,30.5,2016,WDI 2016
38,3,26.0,2016,WDI 2016
39,3,58.6,2016,WDI 2016
40,3,69.5,2016,WDI 2016
41,3,14.6,2016,WDI 2016
42,3,\N,2016,WDI 2016
43,3,43.1,2016,WDI 2016
44,3,61.2,2016,WDI 2016
45,3,34.8,2016,WDI 2016
46,3,35.9,2016,WDI 2016
49,3,20.2,2016,WDI 2016
50,3,73.1,2016,WDI 2016
54,3,22.1,2016,WDI 2016
56,3,15.4,2016,WDI 2016
57,3,10.3,2016,WDI 2016
59,3,44.9,2016,WDI 2016
60,3,15.0,2016,WDI 2016
61,3,13.7,2016,WDI 2016
62,3,25.8,2016,WDI 2016
63,3,29.1,2016,WDI 2016
64,3,44.6,2016,WDI 2016
65,3,40.5,2016,WDI 2016
67,3,27.2,2016,WDI 2016
68,3,72.8,2016,WDI 2016
69,3,59.1,2016,WDI 2016
70,3,22.7,2016,WDI 2016
71,3,9.9,2016,WDI 2016
72,3,37.4,2016,WDI 2016
74,3,\N,2016,WDI 2016
75,3,20.6,2016,WDI 2016
76,3,20.4,2016,WDI 2016
77,3,9.8,2016,WDI 2016
79,3,\N,2016,WDI 2016
81,3,22.5,2016,WDI 2016
83,3,55.6,2016,WDI 2016
84,3,12.4,2016,WDI 2016
85,3,37.8,2016,WDI 2016
87,3,34.3,2016,WDI 2016
88,3,\N,2016,WDI 2016
89,3,57.8,2016,WDI 2016
91,3,\N,2016,WDI 2016
92,3,53.3,2016,WDI 2016
94,3,49.8,2016,WDI 2016
96,3,35.1,2016,WDI 2016
97,3,41.7,2016,WDI 2016
100,3,45.0,2016,WDI 2016
102,3,29.7,2016,WDI 2016
103,3,16.9,2016,WDI 2016
104,3,64.6,2016,WDI 2016
105,3,37.3,2016,WDI 2016
107,3,78.5,2016,WDI 2016
108,3,13.0,2016,WDI 2016
109,3,\N,2016,WDI 2016
110,3,23.0,2016,WDI 2016
111,3,23.1,2016,WDI 2016
112,3,22.4,2016,WDI 2016
113,3,13.5,2016,WDI 2016
115,3,28.0,2016,WDI 2016
116,3,35.6,2016,WDI 2016
117,3,27.7,2016,WDI 2016
118,3,0.1,2016,WDI 2016
121,3,16.1,2016,WDI 2016
124,3,44.6,2016,WDI 2016
125,3,32.1,2016,WDI 2016
126,3,18.9,2016,WDI 2016
127,3,47.3,2016,WDI 2016
128,3,\N,2016,WDI 2016
129,3,\N,2016,WDI 2016
130,3,32.3,2016,WDI 2016
131,3,11.2,2016,WDI 2016
133,3,22.4,2016,WDI 2016
134,3,11.4,2016,WDI 2016
135,3,37.6,2016,WDI 2016
136,3,19.1,2016,WDI 2016
137,3,35.3,2016,WDI 2016
138,3,34.8,2016,WDI 2016
139,3,9.0,2016,WDI 2016
141,3,50.9,2016,WDI 2016
142,3,48.2,2016,WDI 2016
144,3,40.4,2016,WDI 2016
146,3,46.3,2016,WDI 2016
147,3,7.1,2016,WDI 2016
148,3,35.9,2016,WDI 2016
149,3,24.1,2016,WDI 2016
151,3,48.6,2016,WDI 2016
152,3,7.7,2016,WDI 2016
153,3,74.0,2016,WDI 2016
154,3,7.7,2016,WDI 2016
156,3,55.4,2016,WDI 2016
157,3,11.5,2016,WDI 2016
158,3,\N,2016,WDI 2016
159,3,13.6,2016,WDI 2016
160,3,32.2,2016,WDI 2016
161,3,58.5,2016,WDI 2016
162,3,75.2,2016,WDI 2016
166,3,\N,2016,WDI 2016
167,3,14.5,2016,WDI 2016
168,3,5.9,2016,WDI 2016
169,3,65.2,2016,WDI 2016
170,3,14.5,2016,WDI 2016
172,3,27.4,2016,WDI 2016
173,3,7.9,2016,WDI 2016
174,3,37.9,2016,WDI 2016
175,3,28.3,2016,WDI 2016
176,3,53.9,2016,WDI 2016
178,3,22.9,2016,WDI 2016
179,3,27.8,2016,WDI 2016
180,3,\N,2016,WDI 2016
181,3,8.6,2016,WDI 2016
183,3,20.7,2016,WDI 2016
185,3,6.4,2016,WDI 2016
193,3,11.9,2016,WDI 2016
194,3,18.8,2016,WDI 2016
195,3,14.4,2016,WDI 2016
196,3,14.3,2016,WDI 2016
197,3,51.8,2016,WDI 2016
198,3,40.5,2016,WDI 2016
199,3,2.1,2016,WDI 2016
200,3,41.6,2016,WDI 2016
201,3,31.2,2016,WDI 2016
202,3,\N,2016,WDI 2016
204,3,12.0,2016,WDI 2016
205,3,4.6,2016,WDI 2016
206,3,\N,2016,WDI 2016
207,3,7.8,2016,WDI 2016
209,3,\N,2016,WDI 2016
210,3,23.8,2016,WDI 2016
211,3,50.1,2016,WDI 2016
212,3,73.9,2016,WDI 2016
213,3,21.8,2016,WDI 2016
215,3,15.2,2016,WDI 2016
216,3,29.6,2016,WDI 2016
219,3,66.1,2016,WDI 2016
220,3,21.9,2016,WDI 2016
221,3,12.1,2016,WDI 2016
222,3,8.9,2016,WDI 2016
223,3,50.4,2016,WDI 2016
225,3,11.0,2016,WDI 2016
226,3,40.1,2016,WDI 2016
227,3,39.9,2016,WDI 2016
228,3,16.5,2016,WDI 2016
229,3,76.2,2016,WDI 2016
230,3,\N,2016,WDI 2016
231,3,0.7,2016,WDI 2016
232,3,40.3,2016,WDI 2016
233,3,54.3,2016,WDI 2016
234,3,18.6,2016,WDI 2016
235,3,15.1,2016,WDI 2016
236,3,11.1,2016,WDI 2016
238,3,17.4,2016,WDI 2016
239,3,52.2,2016,WDI 2016
240,3,8.4,2016,WDI 2016
242,3,44.6,2016,WDI 2016
244,3,\N,2016,WDI 2016
248,3,12.1,2016,WDI 2016
249,3,21.2,2016,WDI 2016
1,4,57.2,2016,WDI 2016
3,4,271.5,2016,WDI 2016
4,4,260.4,2016,WDI 2016
5,4,\N,2016,WDI 2016
6,4,\N,2016,WDI 2016
7,4,95.2,2016,WDI 2016
10,4,623.1,2016,WDI 2016
11,4,955.2,2016,WDI 2016
12,4,358.8,2016,WDI 2016
13,4,\N,2016,WDI 2016
14,4,\N,2016,WDI 2016
15,4,\N,2016,WDI 2016
16,4,268.2,2016,WDI 2016
18,4,\N,2016,WDI 2016
19,4,34.2,2016,WDI 2016
20,4,\N,2016,WDI 2016
21,4,318.0,2016,WDI 2016
22,4,\N,2016,WDI 2016
23,4,303.6,2016,WDI 2016
24,4,30.4,2016,WDI 2016
25,4,\N,2016,WDI 2016
26,4,91.3,2016,WDI 2016
27,4,213.0,2016,WDI 2016
30,4,379.9,2016,WDI 2016
32,4,\N,2016,WDI 2016
34,4,630.6,2016,WDI 2016
35,4,612.5,2016,WDI 2016
36,4,40.9,2016,WDI 2016
37,4,18.5,2016,WDI 2016
38,4,159.1,2016,WDI 2016
39,4,77.7,2016,WDI 2016
40,4,64.5,2016,WDI 2016
41,4,\N,2016,WDI 2016
42,4,\N,2016,WDI 2016
43,4,16.4,2016,WDI 2016
44,4,31.7,2016,WDI 2016
45,4,\N,2016,WDI 2016
46,4,398.3,2016,WDI 2016
49,4,340.4,2016,WDI 2016
50,4,59.0,2016,WDI 2016
54,4,888.9,2016,WDI 2016
56,4,884.5,2016,WDI 2016
57,4,970.6,2016,WDI 2016
59,4,\N,2016,WDI 2016
60,4,\N,2016,WDI 2016
61,4,\N,2016,WDI 2016
62,4,70.2,2016,WDI 2016
63,4,419.4,2016,WDI 2016
64,4,414.2,2016,WDI 2016
65,4,504.8,2016,WDI 2016
67,4,293.9,2016,WDI 2016
68,4,281.4,2016,WDI 2016
69,4,29.9,2016,WDI 2016
70,4,\N,2016,WDI 2016
71,4,220.6,2016,WDI 2016
72,4,27.5,2016,WDI 2016
74,4,\N,2016,WDI 2016
75,4,179.9,2016,WDI 2016
76,4,\N,2016,WDI 2016
77,4,\N,2016,WDI 2016
79,4,\N,2016,WDI 2016
81,4,220.4,2016,WDI 2016
83,4,308.0,2016,WDI 2016
84,4,\N,2016,WDI 2016
85,4,67.5,2016,WDI 2016
87,4,\N,2016,WDI 2016
88,4,\N,2016,WDI 2016
89,4,516.4,2016,WDI 2016
91,4,\N,2016,WDI 2016
92,4,241.4,2016,WDI 2016
94,4,37.5,2016,WDI 2016
96,4,192.3,2016,WDI 2016
97,4,37.7,2016,WDI 2016
100,4,199.6,2016,WDI 2016
102,4,942.6,2016,WDI 2016
103,4,\N,2016,WDI 2016
104,4,62.7,2016,WDI 2016
105,4,111.6,2016,WDI 2016
107,4,152.6,2016,WDI 2016
108,4,\N,2016,WDI 2016
109,4,\N,2016,WDI 2016
110,4,\N,2016,WDI 2016
111,4,\N,2016,WDI 2016
112,4,296.2,2016,WDI 2016
113,4,\N,2016,WDI 2016
115,4,223.5,2016,WDI 2016
116,4,262.0,2016,WDI 2016
117,4,66.2,2016,WDI 2016
118,4,188.0,2016,WDI 2016
121,4,\N,2016,WDI 2016
124,4,874.2,2016,WDI 2016
125,4,662.1,2016,WDI 2016
126,4,85.5,2016,WDI 2016
127,4,68.3,2016,WDI 2016
128,4,\N,2016,WDI 2016
129,4,\N,2016,WDI 2016
130,4,987.9,2016,WDI 2016
131,4,\N,2016,WDI 2016
133,4,24.1,2016,WDI 2016
134,4,29.6,2016,WDI 2016
135,4,361.5,2016,WDI 2016
136,4,\N,2016,WDI 2016
137,4,29.8,2016,WDI 2016
138,4,\N,2016,WDI 2016
139,4,851.3,2016,WDI 2016
141,4,46.8,2016,WDI 2016
142,4,553.1,2016,WDI 2016
144,4,461.8,2016,WDI 2016
146,4,171.2,2016,WDI 2016
147,4,\N,2016,WDI 2016
148,4,140.7,2016,WDI 2016
149,4,531.7,2016,WDI 2016
151,4,171.5,2016,WDI 2016
152,4,19.2,2016,WDI 2016
153,4,62.1,2016,WDI 2016
154,4,402.8,2016,WDI 2016
156,4,45.5,2016,WDI 2016
157,4,\N,2016,WDI 2016
158,4,\N,2016,WDI 2016
159,4,\N,2016,WDI 2016
160,4,188.2,2016,WDI 2016
161,4,22.7,2016,WDI 2016
162,4,79.3,2016,WDI 2016
166,4,\N,2016,WDI 2016
167,4,\N,2016,WDI 2016
168,4,648.3,2016,WDI 2016
169,4,39.6,2016,WDI 2016
170,4,\N,2016,WDI 2016
172,4,\N,2016,WDI 2016
173,4,55.2,2016,WDI 2016
174,4,327.2,2016,WDI 2016
175,4,316.4,2016,WDI 2016
176,4,129.4,2016,WDI 2016
178,4,809.0,2016,WDI 2016
179,4,\N,2016,WDI 2016
180,4,\N,2016,WDI 2016
181,4,\N,2016,WDI 2016
183,4,476.4,2016,WDI 2016
185,4,48.1,2016,WDI 2016
193,4,227.1,2016,WDI 2016
194,4,\N,2016,WDI 2016
195,4,105.1,2016,WDI 2016
196,4,\N,2016,WDI 2016
197,4,52.6,2016,WDI 2016
198,4,494.4,2016,WDI 2016
199,4,596.9,2016,WDI 2016
200,4,86.3,2016,WDI 2016
201,4,\N,2016,WDI 2016
202,4,\N,2016,WDI 2016
204,4,\N,2016,WDI 2016
205,4,106.3,2016,WDI 2016
206,4,\N,2016,WDI 2016
207,4,428.2,2016,WDI 2016
209,4,\N,2016,WDI 2016
210,4,\N,2016,WDI 2016
211,4,153.1,2016,WDI 2016
212,4,152.0,2016,WDI 2016
213,4,356.1,2016,WDI 2016
215,4,\N,2016,WDI 2016
216,4,\N,2016,WDI 2016
219,4,55.7,2016,WDI 2016
220,4,35.5,2016,WDI 2016
221,4,221.9,2016,WDI 2016
222,4,79.9,2016,WDI 2016
223,4,38.8,2016,WDI 2016
225,4,203.2,2016,WDI 2016
226,4,\N,2016,WDI 2016
227,4,256.5,2016,WDI 2016
228,4,468.6,2016,WDI 2016
229,4,422.8,2016,WDI 2016
230,4,\N,2016,WDI 2016
231,4,507.4,2016,WDI 2016
232,4,37.6,2016,WDI 2016
233,4,141.2,2016,WDI 2016
234,4,\N,2016,WDI 2016
235,4,\N,2016,WDI 2016
236,4,\N,2016,WDI 2016
238,4,\N,2016,WDI 2016
239,4,135.1,2016,WDI 2016
240,4,109.8,2016,WDI 2016
242,4,122.8,2016,WDI 2016
244,4,\N,2016,WDI 2016
248,4,56.5,2016,WDI 2016
249,4,93.9,2016,WDI 2016
1,5,162.8,2016,WDI 2016
3,5,759.7,2016,WDI 2016
4,5,998.2,2016,WDI 2016
5,5,\N,2016,WDI 2016
6,5,\N,2016,WDI 2016
7,5,185.8,2016,WDI 2016
10,5,976.4,2016,WDI 2016
11,5,\N,2016,WDI 2016
12,5,876.9,2016,WDI 2016
13,5,\N,2016,WDI 2016
14,5,\N,2016,WDI 2016
15,5,\N,2016,WDI 2016
16,5,\N,2016,WDI 2016
18,5,\N,2016,WDI 2016
19,5,90.6,2016,WDI 2016
20,5,\N,2016,WDI 2016
21,5,\N,2016,WDI 2016
22,5,\N,2016,WDI 2016
23,5,541.4,2016,WDI 2016
24,5,83.5,2016,WDI 2016
25,5,\N,2016,WDI 2016
26,5,293.1,2016,WDI 2016
27,5,496.3,2016,WDI 2016
30,5,931.3,2016,WDI 2016
32,5,\N,2016,WDI 2016
34,5,\N,2016,WDI 2016
35,5,\N,2016,WDI 2016
36,5,115.6,2016,WDI 2016
37,5,50.3,2016,WDI 2016
38,5,347.6,2016,WDI 2016
39,5,228.6,2016,WDI 2016
40,5,169.3,2016,WDI 2016
41,5,\N,2016,WDI 2016
42,5,\N,2016,WDI 2016
43,5,29.9,2016,WDI 2016
44,5,95.0,2016,WDI 2016
45,5,\N,2016,WDI 2016
46,5,761.5,2016,WDI 2016
49,5,829.8,2016,WDI 2016
50,5,115.8,2016,WDI 2016
54,5,\N,2016,WDI 2016
56,5,\N,2016,WDI 2016
57,5,\N,2016,WDI 2016
59,5,\N,2016,WDI 2016
60,5,\N,2016,WDI 2016
61,5,\N,2016,WDI 2016
62,5,122.1,2016,WDI 2016
63,5,580.7,2016,WDI 2016
64,5,936.8,2016,WDI 2016
65,5,942.9,2016,WDI 2016
67,5,599.5,2016,WDI 2016
68,5,838.7,2016,WDI 2016
69,5,55.3,2016,WDI 2016
70,5,\N,2016,WDI 2016
71,5,663.3,2016,WDI 2016
72,5,69.5,2016,WDI 2016
74,5,\N,2016,WDI 2016
75,5,313.2,2016,WDI 2016
76,5,\N,2016,WDI 2016
77,5,\N,2016,WDI 2016
79,5,\N,2016,WDI 2016
81,5,555.6,2016,WDI 2016
83,5,797.2,2016,WDI 2016
84,5,\N,2016,WDI 2016
85,5,189.4,2016,WDI 2016
87,5,\N,2016,WDI 2016
88,5,\N,2016,WDI 2016
89,5,745.1,2016,WDI 2016
91,5,\N,2016,WDI 2016
92,5,462.4,2016,WDI 2016
94,5,107.7,2016,WDI 2016
96,5,332.7,2016,WDI 2016
97,5,95.4,2016,WDI 2016
100,5,400.3,2016,WDI 2016
102,5,\N,2016,WDI 2016
103,5,\N,2016,WDI 2016
104,5,241.5,2016,WDI 2016
105,5,362.7,2016,WDI 2016
107,5,493.7,2016,WDI 2016
108,5,\N,2016,WDI 2016
109,5,\N,2016,WDI 2016
110,5,\N,2016,WDI 2016
111,5,\N,2016,WDI 2016
112,5,535.7,2016,WDI 2016
113,5,\N,2016,WDI 2016
115,5,494.8,2016,WDI 2016
116,5,858.8,2016,WDI 2016
117,5,143.5,2016,WDI 2016
118,5,249.8,2016,WDI 2016
121,5,\N,2016,WDI 2016
124,5,\N,2016,WDI 2016
125,5,\N,2016,WDI 2016
126,5,242.7,2016,WDI 2016
127,5,133.1,2016,WDI 2016
128,5,\N,2016,WDI 2016
129,5,\N,2016,WDI 2016
130,5,\N,2016,WDI 2016
131,5,\N,2016,WDI 2016
133,5,90.4,2016,WDI 2016
134,5,115.2,2016,WDI 2016
135,5,\N,2016,WDI 2016
136,5,\N,2016,WDI 2016
137,5,81.2,2016,WDI 2016
138,5,\N,2016,WDI 2016
139,5,934.4,2016,WDI 2016
141,5,163.9,2016,WDI 2016
142,5,\N,2016,WDI 2016
144,5,971.8,2016,WDI 2016
146,5,480.4,2016,WDI 2016
147,5,\N,2016,WDI 2016
148,5,466.7,2016,WDI 2016
149,5,\N,2016,WDI 2016
151,5,465.7,2016,WDI 2016
152,5,61.6,2016,WDI 2016
153,5,291.1,2016,WDI 2016
154,5,969.3,2016,WDI 2016
156,5,156.0,2016,WDI 2016
157,5,\N,2016,WDI 2016
158,5,\N,2016,WDI 2016
159,5,\N,2016,WDI 2016
160,5,484.5,2016,WDI 2016
161,5,61.4,2016,WDI 2016
162,5,213.7,2016,WDI 2016
166,5,\N,2016,WDI 2016
167,5,\N,2016,WDI 2016
168,5,\N,2016,WDI 2016
169,5,144.1,2016,WDI 2016
170,5,\N,2016,WDI 2016
172,5,\N,2016,WDI 2016
173,5,92.3,2016,WDI 2016
174,5,767.8,2016,WDI 2016
175,5,681.0,2016,WDI 2016
176,5,342.3,2016,WDI 2016
178,5,\N,2016,WDI 2016
179,5,\N,2016,WDI 2016
180,5,\N,2016,WDI 2016
181,5,\N,2016,WDI 2016
183,5,\N,2016,WDI 2016
185,5,130.4,2016,WDI 2016
193,5,352.8,2016,WDI 2016
194,5,\N,2016,WDI 2016
195,5,196.9,2016,WDI 2016
196,5,\N,2016,WDI 2016
197,5,141.7,2016,WDI 2016
198,5,\N,2016,WDI 2016
199,5,\N,2016,WDI 2016
200,5,244.0,2016,WDI 2016
201,5,\N,2016,WDI 2016
202,5,\N,2016,WDI 2016
204,5,\N,2016,WDI 2016
205,5,117.8,2016,WDI 2016
206,5,\N,2016,WDI 2016
207,5,\N,2016,WDI 2016
209,5,\N,2016,WDI 2016
210,5,\N,2016,WDI 2016
211,5,491.5,2016,WDI 2016
212,5,297.9,2016,WDI 2016
213,5,907.6,2016,WDI 2016
215,5,\N,2016,WDI 2016
216,5,\N,2016,WDI 2016
219,5,208.5,2016,WDI 2016
220,5,112.0,2016,WDI 2016
221,5,635.0,2016,WDI 2016
222,5,121.7,2016,WDI 2016
223,5,99.9,2016,WDI 2016
225,5,311.4,2016,WDI 2016
226,5,\N,2016,WDI 2016
227,5,806.3,2016,WDI 2016
228,5,\N,2016,WDI 2016
229,5,\N,2016,WDI 2016
230,5,\N,2016,WDI 2016
231,5,601.0,2016,WDI 2016
232,5,117.1,2016,WDI 2016
233,5,534.2,2016,WDI 2016
234,5,\N,2016,WDI 2016
235,5,\N,2016,WDI 2016
236,5,\N,2016,WDI 2016
238,5,\N,2016,WDI 2016
239,5,416.9,2016,WDI 2016
240,5,116.1,2016,WDI 2016
242,5,356.3,2016,WDI 2016
244,5,\N,2016,WDI 2016
248,5,175.2,2016,WDI 2016
249,5,185.0,2016,WDI 2016
1,6,17.5,2016,WDI 2016
3,6,0.7,2016,WDI 2016
4,6,0.0,2016,WDI 2016
5,6,\N,2016,WDI 2016
6,6,\N,2016,WDI 2016
7,6,3.6,2016,WDI 2016
10,6,0.0,2016,WDI 2016
11,6,0.6,2016,WDI 2016
12,6,1.7,2016,WDI 2016
13,6,\N,2016,WDI 2016
14,6,0.0,2016,WDI 2016
15,6,\N,2016,WDI 2016
16,6,0.4,2016,WDI 2016
18,6,0.0,2016,WDI 2016
19,6,7.6,2016,WDI 2016
20,6,1.7,2016,WDI 2016
21,6,0.2,2016,WDI 2016
22,6,0.0,2016,WDI 2016
23,6,3.8,2016,WDI 2016
24,6,30.5,2016,WDI 2016
25,6,\N,2016,WDI 2016
26,6,4.8,2016,WDI 2016
27,6,3.2,2016,WDI 2016
30,6,6.7,2016,WDI 2016
32,6,0.1,2016,WDI 2016
34,6,0.0,2016,WDI 2016
35,6,\N,2016,WDI 2016
36,6,23.5,2016,WDI 2016
37,6,38.6,2016,WDI 2016
38,6,15.1,2016,WDI 2016
39,6,18.9,2016,WDI 2016
40,6,9.3,2016,WDI 2016
41,6,\N,2016,WDI 2016
42,6,\N,2016,WDI 2016
43,6,40.9,2016,WDI 2016
44,6,14.6,2016,WDI 2016
45,6,0.0,2016,WDI 2016
46,6,0.0,2016,WDI 2016
49,6,2.1,2016,WDI 2016
50,6,10.8,2016,WDI 2016
54,6,0.3,2016,WDI 2016
56,6,\N,2016,WDI 2016
57,6,0.1,2016,WDI 2016
59,6,1.2,2016,WDI 2016
60,6,\N,2016,WDI 2016
61,6,\N,2016,WDI 2016
62,6,27.8,2016,WDI 2016
63,6,5.4,2016,WDI 2016
64,6,0.6,2016,WDI 2016
65,6,0.4,2016,WDI 2016
67,6,2.3,2016,WDI 2016
68,6,1.2,2016,WDI 2016
69,6,11.7,2016,WDI 2016
70,6,0.2,2016,WDI 2016
71,6,13.8,2016,WDI 2016
72,6,15.3,2016,WDI 2016
74,6,\N,2016,WDI 2016
75,6,3.1,2016,WDI 2016
76,6,0.0,2016,WDI 2016
77,6,0.0,2016,WDI 2016
79,6,\N,2016,WDI 2016
81,6,0.9,2016,WDI 2016
83,6,2.3,2016,WDI 2016
84,6,\N,2016,WDI 2016
85,6,12.8,2016,WDI 2016
87,6,0.3,2016,WDI 2016
88,6,\N,2016,WDI 2016
89,6,0.9,2016,WDI 2016
91,6,\N,2016,WDI 2016
92,6,0.9,2016,WDI 2016
94,6,27.2,2016,WDI 2016
96,6,5.9,2016,WDI 2016
97,6,38.4,2016,WDI 2016
100,6,3.1,2016,WDI 2016
102,6,0.0,2016,WDI 2016
103,6,0.0,2016,WDI 2016
104,6,1.0,2016,WDI 2016
105,6,0.4,2016,WDI 2016
107,6,0.4,2016,WDI 2016
108,6,0.0,2016,WDI 2016
109,6,\N,2016,WDI 2016
110,6,1.5,2016,WDI 2016
111,6,\N,2016,WDI 2016
112,6,1.2,2016,WDI 2016
113,6,0.0,2016,WDI 2016
115,6,5.7,2016,WDI 2016
116,6,1.2,2016,WDI 2016
117,6,19.5,2016,WDI 2016
118,6,17.0,2016,WDI 2016
121,6,0.0,2016,WDI 2016
124,6,0.0,2016,WDI 2016
125,6,0.8,2016,WDI 2016
126,6,17.3,2016,WDI 2016
127,6,30.1,2016,WDI 2016
128,6,\N,2016,WDI 2016
129,6,\N,2016,WDI 2016
130,6,1.0,2016,WDI 2016
131,6,1.2,2016,WDI 2016
133,6,25.1,2016,WDI 2016
134,6,53.8,2016,WDI 2016
135,6,0.0,2016,WDI 2016
136,6,0.5,2016,WDI 2016
137,6,32.2,2016,WDI 2016
138,6,0.0,2016,WDI 2016
139,6,35.4,2016,WDI 2016
141,6,8.2,2016,WDI 2016
142,6,0.2,2016,WDI 2016
144,6,\N,2016,WDI 2016
146,6,3.7,2016,WDI 2016
147,6,\N,2016,WDI 2016
148,6,3.9,2016,WDI 2016
149,6,0.4,2016,WDI 2016
151,6,0.7,2016,WDI 2016
152,6,38.1,2016,WDI 2016
153,6,5.9,2016,WDI 2016
154,6,7.0,2016,WDI 2016
156,6,11.7,2016,WDI 2016
157,6,0.0,2016,WDI 2016
158,6,\N,2016,WDI 2016
159,6,0.0,2016,WDI 2016
160,6,4.6,2016,WDI 2016
161,6,13.0,2016,WDI 2016
162,6,9.8,2016,WDI 2016
166,6,\N,2016,WDI 2016
167,6,0.0,2016,WDI 2016
168,6,0.0,2016,WDI 2016
169,6,4.1,2016,WDI 2016
170,6,15.4,2016,WDI 2016
172,6,0.7,2016,WDI 2016
173,6,22.1,2016,WDI 2016
174,6,0.0,2016,WDI 2016
175,6,0.3,2016,WDI 2016
176,6,2.2,2016,WDI 2016
178,6,0.2,2016,WDI 2016
179,6,\N,2016,WDI 2016
180,6,\N,2016,WDI 2016
181,6,0.0,2016,WDI 2016
183,6,0.0,2016,WDI 2016
185,6,50.6,2016,WDI 2016
193,6,10.8,2016,WDI 2016
194,6,\N,2016,WDI 2016
195,6,44.6,2016,WDI 2016
196,6,0.0,2016,WDI 2016
197,6,6.2,2016,WDI 2016
198,6,0.1,2016,WDI 2016
199,6,1.9,2016,WDI 2016
200,6,41.0,2016,WDI 2016
201,6,0.0,2016,WDI 2016
202,6,\N,2016,WDI 2016
204,6,\N,2016,WDI 2016
205,6,26.2,2016,WDI 2016
206,6,\N,2016,WDI 2016
207,6,1.9,2016,WDI 2016
209,6,\N,2016,WDI 2016
210,6,\N,2016,WDI 2016
211,6,1.1,2016,WDI 2016
212,6,2.2,2016,WDI 2016
213,6,1.4,2016,WDI 2016
215,6,\N,2016,WDI 2016
216,6,\N,2016,WDI 2016
219,6,5.1,2016,WDI 2016
220,6,36.4,2016,WDI 2016
221,6,0.2,2016,WDI 2016
222,6,31.6,2016,WDI 2016
223,6,20.7,2016,WDI 2016
225,6,19.4,2016,WDI 2016
226,6,0.1,2016,WDI 2016
227,6,0.1,2016,WDI 2016
228,6,\N,2016,WDI 2016
229,6,0.2,2016,WDI 2016
230,6,\N,2016,WDI 2016
231,6,12.2,2016,WDI 2016
232,6,40.4,2016,WDI 2016
233,6,0.8,2016,WDI 2016
234,6,0.0,2016,WDI 2016
235,6,0.0,2016,WDI 2016
236,6,0.0,2016,WDI 2016
238,6,0.0,2016,WDI 2016
239,6,1.2,2016,WDI 2016
240,6,34.6,2016,WDI 2016
242,6,2.3,2016,WDI 2016
244,6,\N,2016,WDI 2016
248,6,42.5,2016,WDI 2016
249,6,25.4,2016,WDI 2016
1,7,0.3,2018,WDI 2009–2018 (latest)
3,7,1.2,2018,WDI 2009–2018 (latest)
4,7,1.8,2018,WDI 2009–2018 (latest)
5,7,\N,2018,WDI 2009–2018 (latest)
6,7,3.3,2018,WDI 2009–2018 (latest)
7,7,0.2,2018,WDI 2009–2018 (latest)
10,7,2.8,2018,WDI 2009–2018 (latest)
11,7,4.0,2018,WDI 2009–2018 (latest)
12,7,2.9,2018,WDI 2009–2018 (latest)
13,7,\N,2018,WDI 2009–2018 (latest)
14,7,3.6,2018,WDI 2009–2018 (latest)
15,7,5.1,2018,WDI 2009–2018 (latest)
16,7,3.4,2018,WDI 2009–2018 (latest)
18,7,0.9,2018,WDI 2009–2018 (latest)
19,7,0.5,2018,WDI 2009–2018 (latest)
20,7,2.5,2018,WDI 2009–2018 (latest)
21,7,4.1,2018,WDI 2009–2018 (latest)
22,7,3.3,2018,WDI 2009–2018 (latest)
23,7,1.1,2018,WDI 2009–2018 (latest)
24,7,0.2,2018,WDI 2009–2018 (latest)
25,7,\N,2018,WDI 2009–2018 (latest)
26,7,0.4,2018,WDI 2009–2018 (latest)
27,7,1.6,2018,WDI 2009–2018 (latest)
30,7,0.4,2018,WDI 2009–2018 (latest)
32,7,2.1,2018,WDI 2009–2018 (latest)
34,7,1.8,2018,WDI 2009–2018 (latest)
35,7,4.0,2018,WDI 2009–2018 (latest)
36,7,0.1,2018,WDI 2009–2018 (latest)
37,7,0.1,2018,WDI 2009–2018 (latest)
38,7,0.8,2018,WDI 2009–2018 (latest)
39,7,0.2,2018,WDI 2009–2018 (latest)
40,7,0.1,2018,WDI 2009–2018 (latest)
41,7,2.6,2018,WDI 2009–2018 (latest)
42,7,\N,2018,WDI 2009–2018 (latest)
43,7,0.1,2018,WDI 2009–2018 (latest)
44,7,0.0,2018,WDI 2009–2018 (latest)
45,7,1.1,2018,WDI 2009–2018 (latest)
46,7,1.8,2018,WDI 2009–2018 (latest)
49,7,2.1,2018,WDI 2009–2018 (latest)
50,7,0.2,2018,WDI 2009–2018 (latest)
54,7,1.1,2018,WDI 2009–2018 (latest)
56,7,3.0,2018,WDI 2009–2018 (latest)
57,7,8.2,2018,WDI 2009–2018 (latest)
59,7,2.0,2018,WDI 2009–2018 (latest)
60,7,4.3,2018,WDI 2009–2018 (latest)
61,7,4.5,2018,WDI 2009–2018 (latest)
62,7,0.2,2018,WDI 2009–2018 (latest)
63,7,1.1,2018,WDI 2009–2018 (latest)
64,7,1.6,2018,WDI 2009–2018 (latest)
65,7,2.1,2018,WDI 2009–2018 (latest)
67,7,1.6,2018,WDI 2009–2018 (latest)
68,7,0.4,2018,WDI 2009–2018 (latest)
69,7,\N,2018,WDI 2009–2018 (latest)
70,7,3.5,2018,WDI 2009–2018 (latest)
71,7,0.1,2018,WDI 2009–2018 (latest)
72,7,0.1,2018,WDI 2009–2018 (latest)
74,7,\N,2018,WDI 2009–2018 (latest)
75,7,0.8,2018,WDI 2009–2018 (latest)
76,7,3.8,2018,WDI 2009–2018 (latest)
77,7,3.2,2018,WDI 2009–2018 (latest)
79,7,\N,2018,WDI 2009–2018 (latest)
81,7,0.4,2018,WDI 2009–2018 (latest)
83,7,5.1,2018,WDI 2009–2018 (latest)
84,7,4.2,2018,WDI 2009–2018 (latest)
85,7,0.2,2018,WDI 2009–2018 (latest)
87,7,4.6,2018,WDI 2009–2018 (latest)
88,7,\N,2018,WDI 2009–2018 (latest)
89,7,1.4,2018,WDI 2009–2018 (latest)
91,7,\N,2018,WDI 2009–2018 (latest)
92,7,0.4,2018,WDI 2009–2018 (latest)
94,7,0.1,2018,WDI 2009–2018 (latest)
96,7,0.8,2018,WDI 2009–2018 (latest)
97,7,0.2,2018,WDI 2009–2018 (latest)
100,7,0.3,2018,WDI 2009–2018 (latest)
102,7,3.2,2018,WDI 2009–2018 (latest)
103,7,4.0,2018,WDI 2009–2018 (latest)
104,7,0.8,2018,WDI 2009–2018 (latest)
105,7,0.4,2018,WDI 2009–2018 (latest)
107,7,0.8,2018,WDI 2009–2018 (latest)
108,7,3.1,2018,WDI 2009–2018 (latest)
109,7,1.4,2018,WDI 2009–2018 (latest)
110,7,3.2,2018,WDI 2009–2018 (latest)
111,7,4.1,2018,WDI 2009–2018 (latest)
112,7,1.3,2018,WDI 2009–2018 (latest)
113,7,2.4,2018,WDI 2009–2018 (latest)
115,7,2.3,2018,WDI 2009–2018 (latest)
116,7,3.3,2018,WDI 2009–2018 (latest)
117,7,0.2,2018,WDI 2009–2018 (latest)
118,7,0.2,2018,WDI 2009–2018 (latest)
121,7,2.6,2018,WDI 2009–2018 (latest)
124,7,3.2,2018,WDI 2009–2018 (latest)
125,7,2.3,2018,WDI 2009–2018 (latest)
126,7,0.1,2018,WDI 2009–2018 (latest)
127,7,0.0,2018,WDI 2009–2018 (latest)
128,7,2.2,2018,WDI 2009–2018 (latest)
129,7,\N,2018,WDI 2009–2018 (latest)
130,7,4.3,2018,WDI 2009–2018 (latest)
131,7,3.0,2018,WDI 2009–2018 (latest)
133,7,0.2,2018,WDI 2009–2018 (latest)
134,7,0.0,2018,WDI 2009–2018 (latest)
135,7,1.5,2018,WDI 2009–2018 (latest)
136,7,1.0,2018,WDI 2009–2018 (latest)
137,7,0.1,2018,WDI 2009–2018 (latest)
138,7,3.8,2018,WDI 2009–2018 (latest)
139,7,0.5,2018,WDI 2009–2018 (latest)
141,7,0.2,2018,WDI 2009–2018 (latest)
142,7,2.0,2018,WDI 2009–2018 (latest)
144,7,2.2,2018,WDI 2009–2018 (latest)
146,7,3.2,2018,WDI 2009–2018 (latest)
147,7,6.6,2018,WDI 2009–2018 (latest)
148,7,2.9,2018,WDI 2009–2018 (latest)
149,7,2.3,2018,WDI 2009–2018 (latest)
151,7,0.7,2018,WDI 2009–2018 (latest)
152,7,0.1,2018,WDI 2009–2018 (latest)
153,7,0.9,2018,WDI 2009–2018 (latest)
154,7,0.4,2018,WDI 2009–2018 (latest)
156,7,0.7,2018,WDI 2009–2018 (latest)
157,7,3.5,2018,WDI 2009–2018 (latest)
158,7,\N,2018,WDI 2009–2018 (latest)
159,7,3.0,2018,WDI 2009–2018 (latest)
160,7,1.0,2018,WDI 2009–2018 (latest)
161,7,0.1,2018,WDI 2009–2018 (latest)
162,7,0.4,2018,WDI 2009–2018 (latest)
166,7,\N,2018,WDI 2009–2018 (latest)
167,7,4.6,2018,WDI 2009–2018 (latest)
168,7,2.0,2018,WDI 2009–2018 (latest)
169,7,1.0,2018,WDI 2009–2018 (latest)
170,7,1.2,2018,WDI 2009–2018 (latest)
172,7,1.6,2018,WDI 2009–2018 (latest)
173,7,0.1,2018,WDI 2009–2018 (latest)
174,7,1.4,2018,WDI 2009–2018 (latest)
175,7,1.3,2018,WDI 2009–2018 (latest)
176,7,1.3,2018,WDI 2009–2018 (latest)
178,7,2.4,2018,WDI 2009–2018 (latest)
179,7,3.3,2018,WDI 2009–2018 (latest)
180,7,\N,2018,WDI 2009–2018 (latest)
181,7,0.0,2018,WDI 2009–2018 (latest)
183,7,2.3,2018,WDI 2009–2018 (latest)
185,7,0.1,2018,WDI 2009–2018 (latest)
193,7,0.3,2018,WDI 2009–2018 (latest)
194,7,6.1,2018,WDI 2009–2018 (latest)
195,7,0.3,2018,WDI 2009–2018 (latest)
196,7,2.4,2018,WDI 2009–2018 (latest)
197,7,0.1,2018,WDI 2009–2018 (latest)
198,7,3.1,2018,WDI 2009–2018 (latest)
199,7,0.9,2018,WDI 2009–2018 (latest)
200,7,0.0,2018,WDI 2009–2018 (latest)
201,7,2.3,2018,WDI 2009–2018 (latest)
202,7,\N,2018,WDI 2009–2018 (latest)
204,7,3.0,2018,WDI 2009–2018 (latest)
205,7,0.2,2018,WDI 2009–2018 (latest)
206,7,0.0,2018,WDI 2009–2018 (latest)
207,7,0.9,2018,WDI 2009–2018 (latest)
209,7,\N,2018,WDI 2009–2018 (latest)
210,7,4.1,2018,WDI 2009–2018 (latest)
211,7,1.0,2018,WDI 2009–2018 (latest)
212,7,0.4,2018,WDI 2009–2018 (latest)
213,7,1.2,2018,WDI 2009–2018 (latest)
215,7,5.4,2018,WDI 2009–2018 (latest)
216,7,4.2,2018,WDI 2009–2018 (latest)
219,7,1.7,2018,WDI 2009–2018 (latest)
220,7,0.0,2018,WDI 2009–2018 (latest)
221,7,0.8,2018,WDI 2009–2018 (latest)
222,7,0.7,2018,WDI 2009–2018 (latest)
223,7,0.0,2018,WDI 2009–2018 (latest)
225,7,0.5,2018,WDI 2009–2018 (latest)
226,7,2.7,2018,WDI 2009–2018 (latest)
227,7,1.3,2018,WDI 2009–2018 (latest)
228,7,1.8,2018,WDI 2009–2018 (latest)
229,7,2.2,2018,WDI 2009–2018 (latest)
230,7,\N,2018,WDI 2009–2018 (latest)
231,7,0.9,2018,WDI 2009–2018 (latest)
232,7,0.1,2018,WDI 2009–2018 (latest)
233,7,3.0,2018,WDI 2009–2018 (latest)
234,7,2.4,2018,WDI 2009–2018 (latest)
235,7,2.8,2018,WDI 2009–2018 (latest)
236,7,2.6,2018,WDI 2009–2018 (latest)
238,7,5.0,2018,WDI 2009–2018 (latest)
239,7,2.4,2018,WDI 2009–2018 (latest)
240,7,0.2,2018,WDI 2009–2018 (latest)
242,7,0.8,2018,WDI 2009–2018 (latest)
244,7,\N,2018,WDI 2009–2018 (latest)
248,7,0.1,2018,WDI 2009–2018 (latest)
249,7,0.1,2018,WDI 2009–2018 (latest)
1,8,0.3,2018,WDI 2009–2018 (latest)
3,8,3.6,2018,WDI 2009–2018 (latest)
4,8,2.2,2018,WDI 2009–2018 (latest)
5,8,\N,2018,WDI 2009–2018 (latest)
6,8,4.0,2018,WDI 2009–2018 (latest)
7,8,1.3,2018,WDI 2009–2018 (latest)
10,8,3.1,2018,WDI 2009–2018 (latest)
11,8,2.6,2018,WDI 2009–2018 (latest)
12,8,5.6,2018,WDI 2009–2018 (latest)
13,8,\N,2018,WDI 2009–2018 (latest)
14,8,12.7,2018,WDI 2009–2018 (latest)
15,8,8.2,2018,WDI 2009–2018 (latest)
16,8,7.0,2018,WDI 2009–2018 (latest)
18,8,2.5,2018,WDI 2009–2018 (latest)
19,8,0.3,2018,WDI 2009–2018 (latest)
20,8,6.0,2018,WDI 2009–2018 (latest)
21,8,11.4,2018,WDI 2009–2018 (latest)
22,8,11.1,2018,WDI 2009–2018 (latest)
23,8,1.7,2018,WDI 2009–2018 (latest)
24,8,0.6,2018,WDI 2009–2018 (latest)
25,8,\N,2018,WDI 2009–2018 (latest)
26,8,1.5,2018,WDI 2009–2018 (latest)
27,8,0.7,2018,WDI 2009–2018 (latest)
30,8,3.3,2018,WDI 2009–2018 (latest)
32,8,9.7,2018,WDI 2009–2018 (latest)
34,8,6.6,2018,WDI 2009–2018 (latest)
35,8,5.3,2018,WDI 2009–2018 (latest)
36,8,0.6,2018,WDI 2009–2018 (latest)
37,8,0.7,2018,WDI 2009–2018 (latest)
38,8,1.2,2018,WDI 2009–2018 (latest)
39,8,1.0,2018,WDI 2009–2018 (latest)
40,8,0.9,2018,WDI 2009–2018 (latest)
41,8,9.9,2018,WDI 2009–2018 (latest)
42,8,\N,2018,WDI 2009–2018 (latest)
43,8,0.2,2018,WDI 2009–2018 (latest)
44,8,0.4,2018,WDI 2009–2018 (latest)
45,8,0.9,2018,WDI 2009–2018 (latest)
46,8,2.3,2018,WDI 2009–2018 (latest)
49,8,1.3,2018,WDI 2009–2018 (latest)
50,8,0.9,2018,WDI 2009–2018 (latest)
54,8,0.8,2018,WDI 2009–2018 (latest)
56,8,8.1,2018,WDI 2009–2018 (latest)
57,8,7.8,2018,WDI 2009–2018 (latest)
59,8,5.3,2018,WDI 2009–2018 (latest)
60,8,8.4,2018,WDI 2009–2018 (latest)
61,8,10.3,2018,WDI 2009–2018 (latest)
62,8,0.5,2018,WDI 2009–2018 (latest)
63,8,5.9,2018,WDI 2009–2018 (latest)
64,8,0.3,2018,WDI 2009–2018 (latest)
65,8,1.2,2018,WDI 2009–2018 (latest)
67,8,2.3,2018,WDI 2009–2018 (latest)
68,8,0.5,2018,WDI 2009–2018 (latest)
69,8,\N,2018,WDI 2009–2018 (latest)
70,8,6.5,2018,WDI 2009–2018 (latest)
71,8,2.0,2018,WDI 2009–2018 (latest)
72,8,0.8,2018,WDI 2009–2018 (latest)
74,8,\N,2018,WDI 2009–2018 (latest)
75,8,2.9,2018,WDI 2009–2018 (latest)
76,8,14.7,2018,WDI 2009–2018 (latest)
77,8,9.7,2018,WDI 2009–2018 (latest)
79,8,\N,2018,WDI 2009–2018 (latest)
81,8,2.6,2018,WDI 2009–2018 (latest)
83,8,4.1,2018,WDI 2009–2018 (latest)
84,8,13.2,2018,WDI 2009–2018 (latest)
85,8,1.2,2018,WDI 2009–2018 (latest)
87,8,3.4,2018,WDI 2009–2018 (latest)
88,8,\N,2018,WDI 2009–2018 (latest)
89,8,3.1,2018,WDI 2009–2018 (latest)
91,8,\N,2018,WDI 2009–2018 (latest)
92,8,0.9,2018,WDI 2009–2018 (latest)
94,8,0.4,2018,WDI 2009–2018 (latest)
96,8,1.3,2018,WDI 2009–2018 (latest)
97,8,0.7,2018,WDI 2009–2018 (latest)
100,8,0.9,2018,WDI 2009–2018 (latest)
102,8,6.6,2018,WDI 2009–2018 (latest)
103,8,15.7,2018,WDI 2009–2018 (latest)
104,8,2.1,2018,WDI 2009–2018 (latest)
105,8,2.1,2018,WDI 2009–2018 (latest)
107,8,1.7,2018,WDI 2009–2018 (latest)
108,8,14.3,2018,WDI 2009–2018 (latest)
109,8,2.3,2018,WDI 2009–2018 (latest)
110,8,5.2,2018,WDI 2009–2018 (latest)
111,8,5.9,2018,WDI 2009–2018 (latest)
112,8,1.1,2018,WDI 2009–2018 (latest)
113,8,11.5,2018,WDI 2009–2018 (latest)
115,8,3.4,2018,WDI 2009–2018 (latest)
116,8,8.5,2018,WDI 2009–2018 (latest)
117,8,1.5,2018,WDI 2009–2018 (latest)
118,8,4.8,2018,WDI 2009–2018 (latest)
121,8,7.0,2018,WDI 2009–2018 (latest)
124,8,4.8,2018,WDI 2009–2018 (latest)
125,8,2.6,2018,WDI 2009–2018 (latest)
126,8,0.7,2018,WDI 2009–2018 (latest)
127,8,0.1,2018,WDI 2009–2018 (latest)
128,8,6.7,2018,WDI 2009–2018 (latest)
129,8,\N,2018,WDI 2009–2018 (latest)
130,8,7.9,2018,WDI 2009–2018 (latest)
131,8,12.3,2018,WDI 2009–2018 (latest)
133,8,0.1,2018,WDI 2009–2018 (latest)
134,8,0.3,2018,WDI 2009–2018 (latest)
135,8,4.1,2018,WDI 2009–2018 (latest)
136,8,4.0,2018,WDI 2009–2018 (latest)
137,8,0.4,2018,WDI 2009–2018 (latest)
138,8,9.0,2018,WDI 2009–2018 (latest)
139,8,3.5,2018,WDI 2009–2018 (latest)
141,8,1.0,2018,WDI 2009–2018 (latest)
142,8,3.4,2018,WDI 2009–2018 (latest)
144,8,2.9,2018,WDI 2009–2018 (latest)
146,8,4.5,2018,WDI 2009–2018 (latest)
147,8,20.3,2018,WDI 2009–2018 (latest)
148,8,4.0,2018,WDI 2009–2018 (latest)
149,8,5.7,2018,WDI 2009–2018 (latest)
151,8,1.1,2018,WDI 2009–2018 (latest)
152,8,0.4,2018,WDI 2009–2018 (latest)
153,8,1.0,2018,WDI 2009–2018 (latest)
154,8,2.8,2018,WDI 2009–2018 (latest)
156,8,2.7,2018,WDI 2009–2018 (latest)
157,8,11.1,2018,WDI 2009–2018 (latest)
158,8,\N,2018,WDI 2009–2018 (latest)
159,8,11.0,2018,WDI 2009–2018 (latest)
160,8,1.6,2018,WDI 2009–2018 (latest)
161,8,0.3,2018,WDI 2009–2018 (latest)
162,8,1.5,2018,WDI 2009–2018 (latest)
166,8,\N,2018,WDI 2009–2018 (latest)
167,8,18.1,2018,WDI 2009–2018 (latest)
168,8,4.3,2018,WDI 2009–2018 (latest)
169,8,0.5,2018,WDI 2009–2018 (latest)
170,8,5.3,2018,WDI 2009–2018 (latest)
172,8,1.4,2018,WDI 2009–2018 (latest)
173,8,0.5,2018,WDI 2009–2018 (latest)
174,8,1.2,2018,WDI 2009–2018 (latest)
175,8,1.4,2018,WDI 2009–2018 (latest)
176,8,0.2,2018,WDI 2009–2018 (latest)
178,8,5.7,2018,WDI 2009–2018 (latest)
179,8,6.4,2018,WDI 2009–2018 (latest)
180,8,\N,2018,WDI 2009–2018 (latest)
181,8,6.6,2018,WDI 2009–2018 (latest)
183,8,6.1,2018,WDI 2009–2018 (latest)
185,8,0.8,2018,WDI 2009–2018 (latest)
193,8,1.9,2018,WDI 2009–2018 (latest)
194,8,8.8,2018,WDI 2009–2018 (latest)
195,8,2.3,2018,WDI 2009–2018 (latest)
196,8,5.7,2018,WDI 2009–2018 (latest)
197,8,0.3,2018,WDI 2009–2018 (latest)
198,8,6.1,2018,WDI 2009–2018 (latest)
199,8,3.3,2018,WDI 2009–2018 (latest)
200,8,1.0,2018,WDI 2009–2018 (latest)
201,8,7.2,2018,WDI 2009–2018 (latest)
202,8,\N,2018,WDI 2009–2018 (latest)
204,8,9.7,2018,WDI 2009–2018 (latest)
205,8,2.1,2018,WDI 2009–2018 (latest)
206,8,0.1,2018,WDI 2009–2018 (latest)
207,8,3.5,2018,WDI 2009–2018 (latest)
209,8,\N,2018,WDI 2009–2018 (latest)
210,8,5.5,2018,WDI 2009–2018 (latest)
211,8,2.1,2018,WDI 2009–2018 (latest)
212,8,0.8,2018,WDI 2009–2018 (latest)
213,8,4.1,2018,WDI 2009–2018 (latest)
215,8,11.5,2018,WDI 2009–2018 (latest)
216,8,17.3,2018,WDI 2009–2018 (latest)
219,8,5.2,2018,WDI 2009–2018 (latest)
220,8,0.4,2018,WDI 2009–2018 (latest)
221,8,3.0,2018,WDI 2009–2018 (latest)
222,8,1.7,2018,WDI 2009–2018 (latest)
223,8,0.3,2018,WDI 2009–2018 (latest)
225,8,3.9,2018,WDI 2009–2018 (latest)
226,8,3.5,2018,WDI 2009–2018 (latest)
227,8,2.6,2018,WDI 2009–2018 (latest)
228,8,2.6,2018,WDI 2009–2018 (latest)
229,8,4.6,2018,WDI 2009–2018 (latest)
230,8,\N,2018,WDI 2009–2018 (latest)
231,8,3.8,2018,WDI 2009–2018 (latest)
232,8,0.6,2018,WDI 2009–2018 (latest)
233,8,7.1,2018,WDI 2009–2018 (latest)
234,8,5.6,2018,WDI 2009–2018 (latest)
235,8,8.3,2018,WDI 2009–2018 (latest)
236,8,8.6,2018,WDI 2009–2018 (latest)
238,8,1.9,2018,WDI 2009–2018 (latest)
239,8,12.1,2018,WDI 2009–2018 (latest)
240,8,1.4,2018,WDI 2009–2018 (latest)
242,8,1.4,2018,WDI 2009–2018 (latest)
244,8,\N,2018,WDI 2009–2018 (latest)
248,8,0.9,2018,WDI 2009–2018 (latest)
249,8,1.2,2018,WDI 2009–2018 (latest)
1,9,0.0,2018,WDI 2009–2018 (latest)
3,9,11.6,2018,WDI 2009–2018 (latest)
4,9,12.1,2018,WDI 2009–2018 (latest)
5,9,\N,2018,WDI 2009–2018 (latest)
6,9,83.1,2018,WDI 2009–2018 (latest)
7,9,\N,2018,WDI 2009–2018 (latest)
10,9,14.0,2018,WDI 2009–2018 (latest)
11,9,50.1,2018,WDI 2009–2018 (latest)
12,9,86.7,2018,WDI 2009–2018 (latest)
13,9,\N,2018,WDI 2009–2018 (latest)
14,9,45.1,2018,WDI 2009–2018 (latest)
15,9,109.9,2018,WDI 2009–2018 (latest)
16,9,67.6,2018,WDI 2009–2018 (latest)
18,9,14.4,2018,WDI 2009–2018 (latest)
19,9,2.9,2018,WDI 2009–2018 (latest)
20,9,17.2,2018,WDI 2009–2018 (latest)
21,9,124.2,2018,WDI 2009–2018 (latest)
22,9,89.8,2018,WDI 2009–2018 (latest)
23,9,10.5,2018,WDI 2009–2018 (latest)
24,9,1.9,2018,WDI 2009–2018 (latest)
25,9,\N,2018,WDI 2009–2018 (latest)
26,9,2.9,2018,WDI 2009–2018 (latest)
27,9,33.9,2018,WDI 2009–2018 (latest)
30,9,3.6,2018,WDI 2009–2018 (latest)
32,9,55.5,2018,WDI 2009–2018 (latest)
34,9,\N,2018,WDI 2009–2018 (latest)
35,9,112.7,2018,WDI 2009–2018 (latest)
36,9,0.6,2018,WDI 2009–2018 (latest)
37,9,0.4,2018,WDI 2009–2018 (latest)
38,9,16.0,2018,WDI 2009–2018 (latest)
39,9,4.2,2018,WDI 2009–2018 (latest)
40,9,1.2,2018,WDI 2009–2018 (latest)
41,9,43.9,2018,WDI 2009–2018 (latest)
42,9,156.8,2018,WDI 2009–2018 (latest)
43,9,0.4,2018,WDI 2009–2018 (latest)
44,9,0.3,2018,WDI 2009–2018 (latest)
45,9,59.3,2018,WDI 2009–2018 (latest)
46,9,40.1,2018,WDI 2009–2018 (latest)
49,9,22.7,2018,WDI 2009–2018 (latest)
50,9,\N,2018,WDI 2009–2018 (latest)
54,9,25.5,2018,WDI 2009–2018 (latest)
56,9,81.2,2018,WDI 2009–2018 (latest)
57,9,100.9,2018,WDI 2009–2018 (latest)
59,9,84.4,2018,WDI 2009–2018 (latest)
60,9,124.5,2018,WDI 2009–2018 (latest)
61,9,69.0,2018,WDI 2009–2018 (latest)
62,9,4.4,2018,WDI 2009–2018 (latest)
63,9,11.3,2018,WDI 2009–2018 (latest)
64,9,\N,2018,WDI 2009–2018 (latest)
65,9,59.4,2018,WDI 2009–2018 (latest)
67,9,22.3,2018,WDI 2009–2018 (latest)
68,9,\N,2018,WDI 2009–2018 (latest)
69,9,0.4,2018,WDI 2009–2018 (latest)
70,9,65.0,2018,WDI 2009–2018 (latest)
71,9,0.2,2018,WDI 2009–2018 (latest)
72,9,0.5,2018,WDI 2009–2018 (latest)
74,9,\N,2018,WDI 2009–2018 (latest)
75,9,5.4,2018,WDI 2009–2018 (latest)
76,9,76.3,2018,WDI 2009–2018 (latest)
77,9,58.6,2018,WDI 2009–2018 (latest)
79,9,32.6,2018,WDI 2009–2018 (latest)
81,9,\N,2018,WDI 2009–2018 (latest)
83,9,130.4,2018,WDI 2009–2018 (latest)
84,9,108.0,2018,WDI 2009–2018 (latest)
85,9,\N,2018,WDI 2009–2018 (latest)
87,9,163.5,2018,WDI 2009–2018 (latest)
88,9,\N,2018,WDI 2009–2018 (latest)
89,9,12.6,2018,WDI 2009–2018 (latest)
91,9,\N,2018,WDI 2009–2018 (latest)
92,9,3.4,2018,WDI 2009–2018 (latest)
94,9,\N,2018,WDI 2009–2018 (latest)
96,9,8.8,2018,WDI 2009–2018 (latest)
97,9,5.9,2018,WDI 2009–2018 (latest)
100,9,13.7,2018,WDI 2009–2018 (latest)
102,9,55.7,2018,WDI 2009–2018 (latest)
103,9,101.6,2018,WDI 2009–2018 (latest)
104,9,6.8,2018,WDI 2009–2018 (latest)
105,9,\N,2018,WDI 2009–2018 (latest)
107,9,7.6,2018,WDI 2009–2018 (latest)
108,9,72.0,2018,WDI 2009–2018 (latest)
109,9,52.4,2018,WDI 2009–2018 (latest)
110,9,75.6,2018,WDI 2009–2018 (latest)
111,9,142.4,2018,WDI 2009–2018 (latest)
112,9,11.2,2018,WDI 2009–2018 (latest)
113,9,37.4,2018,WDI 2009–2018 (latest)
115,9,24.5,2018,WDI 2009–2018 (latest)
116,9,73.2,2018,WDI 2009–2018 (latest)
117,9,2.4,2018,WDI 2009–2018 (latest)
118,9,8.2,2018,WDI 2009–2018 (latest)
121,9,\N,2018,WDI 2009–2018 (latest)
124,9,67.6,2018,WDI 2009–2018 (latest)
125,9,87.4,2018,WDI 2009–2018 (latest)
126,9,0.6,2018,WDI 2009–2018 (latest)
127,9,0.6,2018,WDI 2009–2018 (latest)
128,9,\N,2018,WDI 2009–2018 (latest)
129,9,71.9,2018,WDI 2009–2018 (latest)
130,9,130.9,2018,WDI 2009–2018 (latest)
131,9,80.8,2018,WDI 2009–2018 (latest)
133,9,0.8,2018,WDI 2009–2018 (latest)
134,9,0.4,2018,WDI 2009–2018 (latest)
135,9,11.4,2018,WDI 2009–2018 (latest)
136,9,4.8,2018,WDI 2009–2018 (latest)
137,9,1.1,2018,WDI 2009–2018 (latest)
138,9,113.5,2018,WDI 2009–2018 (latest)
139,9,15.9,2018,WDI 2009–2018 (latest)
141,9,\N,2018,WDI 2009–2018 (latest)
142,9,17.6,2018,WDI 2009–2018 (latest)
144,9,\N,2018,WDI 2009–2018 (latest)
146,9,86.1,2018,WDI 2009–2018 (latest)
147,9,195.6,2018,WDI 2009–2018 (latest)
148,9,45.0,2018,WDI 2009–2018 (latest)
149,9,64.1,2018,WDI 2009–2018 (latest)
151,9,3.7,2018,WDI 2009–2018 (latest)
152,9,0.5,2018,WDI 2009–2018 (latest)
153,9,2.4,2018,WDI 2009–2018 (latest)
154,9,6.1,2018,WDI 2009–2018 (latest)
156,9,3.0,2018,WDI 2009–2018 (latest)
157,9,49.0,2018,WDI 2009–2018 (latest)
158,9,\N,2018,WDI 2009–2018 (latest)
159,9,43.0,2018,WDI 2009–2018 (latest)
160,9,15.5,2018,WDI 2009–2018 (latest)
161,9,0.4,2018,WDI 2009–2018 (latest)
162,9,1.4,2018,WDI 2009–2018 (latest)
166,9,\N,2018,WDI 2009–2018 (latest)
167,9,67.2,2018,WDI 2009–2018 (latest)
168,9,30.5,2018,WDI 2009–2018 (latest)
169,9,5.5,2018,WDI 2009–2018 (latest)
170,9,\N,2018,WDI 2009–2018 (latest)
172,9,26.2,2018,WDI 2009–2018 (latest)
173,9,2.3,2018,WDI 2009–2018 (latest)
174,9,20.5,2018,WDI 2009–2018 (latest)
175,9,42.9,2018,WDI 2009–2018 (latest)
176,9,9.6,2018,WDI 2009–2018 (latest)
178,9,67.9,2018,WDI 2009–2018 (latest)
179,9,86.1,2018,WDI 2009–2018 (latest)
180,9,\N,2018,WDI 2009–2018 (latest)
181,9,14.5,2018,WDI 2009–2018 (latest)
183,9,60.5,2018,WDI 2009–2018 (latest)
185,9,0.8,2018,WDI 2009–2018 (latest)
193,9,1.6,2018,WDI 2009–2018 (latest)
194,9,112.9,2018,WDI 2009–2018 (latest)
195,9,\N,2018,WDI 2009–2018 (latest)
196,9,\N,2018,WDI 2009–2018 (latest)
197,9,1.1,2018,WDI 2009–2018 (latest)
198,9,86.7,2018,WDI 2009–2018 (latest)
199,9,48.6,2018,WDI 2009–2018 (latest)
200,9,0.1,2018,WDI 2009–2018 (latest)
201,9,31.5,2018,WDI 2009–2018 (latest)
202,9,\N,2018,WDI 2009–2018 (latest)
204,9,66.7,2018,WDI 2009–2018 (latest)
205,9,2.5,2018,WDI 2009–2018 (latest)
206,9,0.2,2018,WDI 2009–2018 (latest)
207,9,11.4,2018,WDI 2009–2018 (latest)
209,9,0.3,2018,WDI 2009–2018 (latest)
210,9,79.9,2018,WDI 2009–2018 (latest)
211,9,2.8,2018,WDI 2009–2018 (latest)
212,9,2.7,2018,WDI 2009–2018 (latest)
213,9,\N,2018,WDI 2009–2018 (latest)
215,9,113.1,2018,WDI 2009–2018 (latest)
216,9,94.8,2018,WDI 2009–2018 (latest)
219,9,41.7,2018,WDI 2009–2018 (latest)
220,9,0.5,2018,WDI 2009–2018 (latest)
221,9,13.1,2018,WDI 2009–2018 (latest)
222,9,0.9,2018,WDI 2009–2018 (latest)
223,9,0.5,2018,WDI 2009–2018 (latest)
225,9,14.0,2018,WDI 2009–2018 (latest)
226,9,30.9,2018,WDI 2009–2018 (latest)
227,9,11.5,2018,WDI 2009–2018 (latest)
228,9,47.6,2018,WDI 2009–2018 (latest)
229,9,58.8,2018,WDI 2009–2018 (latest)
230,9,\N,2018,WDI 2009–2018 (latest)
231,9,26.1,2018,WDI 2009–2018 (latest)
232,9,1.1,2018,WDI 2009–2018 (latest)
233,9,86.6,2018,WDI 2009–2018 (latest)
234,9,\N,2018,WDI 2009–2018 (latest)
235,9,133.3,2018,WDI 2009–2018 (latest)
236,9,54.7,2018,WDI 2009–2018 (latest)
238,9,38.9,2018,WDI 2009–2018 (latest)
239,9,50.4,2018,WDI 2009–2018 (latest)
240,9,3.2,2018,WDI 2009–2018 (latest)
242,9,\N,2018,WDI 2009–2018 (latest)
244,9,\N,2018,WDI 2009–2018 (latest)
248,9,1.5,2018,WDI 2009–2018 (latest)
249,9,1.6,2018,WDI 2009–2018 (latest)
1,10,42.3,2018,WDI 2009–2018 (latest)
3,10,98.4,2018,WDI 2009–2018 (latest)
4,10,100.0,2018,WDI 2009–2018 (latest)
5,10,\N,2018,WDI 2009–2018 (latest)
6,10,100.0,2018,WDI 2009–2018 (latest)
7,10,25.0,2018,WDI 2009–2018 (latest)
10,10,\N,2018,WDI 2009–2018 (latest)
11,10,100.0,2018,WDI 2009–2018 (latest)
12,10,99.3,2018,WDI 2009–2018 (latest)
13,10,\N,2018,WDI 2009–2018 (latest)
14,10,100.0,2018,WDI 2009–2018 (latest)
15,10,100.0,2018,WDI 2009–2018 (latest)
16,10,\N,2018,WDI 2009–2018 (latest)
18,10,\N,2018,WDI 2009–2018 (latest)
19,10,20.2,2018,WDI 2009–2018 (latest)
20,10,99.0,2018,WDI 2009–2018 (latest)
21,10,100.0,2018,WDI 2009–2018 (latest)
22,10,100.0,2018,WDI 2009–2018 (latest)
23,10,96.0,2018,WDI 2009–2018 (latest)
24,10,85.6,2018,WDI 2009–2018 (latest)
25,10,\N,2018,WDI 2009–2018 (latest)
26,10,100.0,2018,WDI 2009–2018 (latest)
27,10,92.0,2018,WDI 2009–2018 (latest)
30,10,88.0,2018,WDI 2009–2018 (latest)
32,10,96.0,2018,WDI 2009–2018 (latest)
34,10,\N,2018,WDI 2009–2018 (latest)
35,10,100.0,2018,WDI 2009–2018 (latest)
36,10,76.9,2018,WDI 2009–2018 (latest)
37,10,83.5,2018,WDI 2009–2018 (latest)
38,10,91.0,2018,WDI 2009–2018 (latest)
39,10,73.3,2018,WDI 2009–2018 (latest)
40,10,66.0,2018,WDI 2009–2018 (latest)
41,10,100.0,2018,WDI 2009–2018 (latest)
42,10,\N,2018,WDI 2009–2018 (latest)
43,10,61.0,2018,WDI 2009–2018 (latest)
44,10,12.0,2018,WDI 2009–2018 (latest)
45,10,99.0,2018,WDI 2009–2018 (latest)
46,10,\N,2018,WDI 2009–2018 (latest)
49,10,96.8,2018,WDI 2009–2018 (latest)
50,10,87.3,2018,WDI 2009–2018 (latest)
54,10,100.0,2018,WDI 2009–2018 (latest)
56,10,100.0,2018,WDI 2009–2018 (latest)
57,10,100.0,2018,WDI 2009–2018 (latest)
59,10,100.0,2018,WDI 2009–2018 (latest)
60,10,100.0,2018,WDI 2009–2018 (latest)
61,10,100.0,2018,WDI 2009–2018 (latest)
62,10,\N,2018,WDI 2009–2018 (latest)
63,10,\N,2018,WDI 2009–2018 (latest)
64,10,88.0,2018,WDI 2009–2018 (latest)
65,10,82.0,2018,WDI 2009–2018 (latest)
67,10,99.0,2018,WDI 2009–2018 (latest)
68,10,54.0,2018,WDI 2009–2018 (latest)
69,10,\N,2018,WDI 2009–2018 (latest)
70,10,100.0,2018,WDI 2009–2018 (latest)
71,10,54.0,2018,WDI 2009–2018 (latest)
72,10,2.7,2018,WDI 2009–2018 (latest)
74,10,\N,2018,WDI 2009–2018 (latest)
75,10,\N,2018,WDI 2009–2018 (latest)
76,10,100.0,2018,WDI 2009–2018 (latest)
77,10,100.0,2018,WDI 2009–2018 (latest)
79,10,\N,2018,WDI 2009–2018 (latest)
81,10,89.6,2018,WDI 2009–2018 (latest)
83,10,100.0,2018,WDI 2009–2018 (latest)
84,10,100.0,2018,WDI 2009–2018 (latest)
85,10,70.5,2018,WDI 2009–2018 (latest)
87,10,100.0,2018,WDI 2009–2018 (latest)
88,10,\N,2018,WDI 2009–2018 (latest)
89,10,\N,2018,WDI 2009–2018 (latest)
91,10,\N,2018,WDI 2009–2018 (latest)
92,10,96.0,2018,WDI 2009–2018 (latest)
94,10,62.0,2018,WDI 2009–2018 (latest)
96,10,89.0,2018,WDI 2009–2018 (latest)
97,10,84.8,2018,WDI 2009–2018 (latest)
100,10,93.6,2018,WDI 2009–2018 (latest)
102,10,100.0,2018,WDI 2009–2018 (latest)
103,10,100.0,2018,WDI 2009–2018 (latest)
104,10,79.7,2018,WDI 2009–2018 (latest)
105,10,72.0,2018,WDI 2009–2018 (latest)
107,10,99.0,2018,WDI 2009–2018 (latest)
108,10,100.0,2018,WDI 2009–2018 (latest)
109,10,85.4,2018,WDI 2009–2018 (latest)
110,10,100.0,2018,WDI 2009–2018 (latest)
111,10,100.0,2018,WDI 2009–2018 (latest)
112,10,98.0,2018,WDI 2009–2018 (latest)
113,10,100.0,2018,WDI 2009–2018 (latest)
115,10,98.0,2018,WDI 2009–2018 (latest)
116,10,100.0,2018,WDI 2009–2018 (latest)
117,10,66.9,2018,WDI 2009–2018 (latest)
118,10,94.0,2018,WDI 2009–2018 (latest)
121,10,\N,2018,WDI 2009–2018 (latest)
124,10,100.0,2018,WDI 2009–2018 (latest)
125,10,100.0,2018,WDI 2009–2018 (latest)
126,10,43.3,2018,WDI 2009–2018 (latest)
127,10,24.6,2018,WDI 2009–2018 (latest)
128,10,\N,2018,WDI 2009–2018 (latest)
129,10,100.0,2018,WDI 2009–2018 (latest)
130,10,100.0,2018,WDI 2009–2018 (latest)
131,10,100.0,2018,WDI 2009–2018 (latest)
133,10,83.0,2018,WDI 2009–2018 (latest)
134,10,67.2,2018,WDI 2009–2018 (latest)
135,10,\N,2018,WDI 2009–2018 (latest)
136,10,98.8,2018,WDI 2009–2018 (latest)
137,10,86.7,2018,WDI 2009–2018 (latest)
138,10,100.0,2018,WDI 2009–2018 (latest)
139,10,84.0,2018,WDI 2009–2018 (latest)
141,10,66.0,2018,WDI 2009–2018 (latest)
142,10,\N,2018,WDI 2009–2018 (latest)
144,10,95.0,2018,WDI 2009–2018 (latest)
146,10,100.0,2018,WDI 2009–2018 (latest)
147,10,100.0,2018,WDI 2009–2018 (latest)
148,10,99.0,2018,WDI 2009–2018 (latest)
149,10,99.0,2018,WDI 2009–2018 (latest)
151,10,96.0,2018,WDI 2009–2018 (latest)
152,10,55.0,2018,WDI 2009–2018 (latest)
153,10,81.3,2018,WDI 2009–2018 (latest)
154,10,78.0,2018,WDI 2009–2018 (latest)
156,10,56.2,2018,WDI 2009–2018 (latest)
157,10,100.0,2018,WDI 2009–2018 (latest)
158,10,\N,2018,WDI 2009–2018 (latest)
159,10,100.0,2018,WDI 2009–2018 (latest)
160,10,85.0,2018,WDI 2009–2018 (latest)
161,10,63.9,2018,WDI 2009–2018 (latest)
162,10,47.0,2018,WDI 2009–2018 (latest)
166,10,\N,2018,WDI 2009–2018 (latest)
167,10,100.0,2018,WDI 2009–2018 (latest)
168,10,100.0,2018,WDI 2009–2018 (latest)
169,10,42.2,2018,WDI 2009–2018 (latest)
170,10,\N,2018,WDI 2009–2018 (latest)
172,10,96.0,2018,WDI 2009–2018 (latest)
173,10,\N,2018,WDI 2009–2018 (latest)
174,10,69.0,2018,WDI 2009–2018 (latest)
175,10,98.0,2018,WDI 2009–2018 (latest)
176,10,91.8,2018,WDI 2009–2018 (latest)
178,10,100.0,2018,WDI 2009–2018 (latest)
179,10,100.0,2018,WDI 2009–2018 (latest)
180,10,\N,2018,WDI 2009–2018 (latest)
181,10,100.0,2018,WDI 2009–2018 (latest)
183,10,\N,2018,WDI 2009–2018 (latest)
185,10,56.0,2018,WDI 2009–2018 (latest)
193,10,59.0,2018,WDI 2009–2018 (latest)
194,10,100.0,2018,WDI 2009–2018 (latest)
195,10,95.0,2018,WDI 2009–2018 (latest)
196,10,\N,2018,WDI 2009–2018 (latest)
197,10,77.4,2018,WDI 2009–2018 (latest)
198,10,99.0,2018,WDI 2009–2018 (latest)
199,10,\N,2018,WDI 2009–2018 (latest)
200,10,81.0,2018,WDI 2009–2018 (latest)
201,10,\N,2018,WDI 2009–2018 (latest)
202,10,\N,2018,WDI 2009–2018 (latest)
204,10,100.0,2018,WDI 2009–2018 (latest)
205,10,88.0,2018,WDI 2009–2018 (latest)
206,10,\N,2018,WDI 2009–2018 (latest)
207,10,89.0,2018,WDI 2009–2018 (latest)
209,10,35.0,2018,WDI 2009–2018 (latest)
210,10,100.0,2018,WDI 2009–2018 (latest)
211,10,\N,2018,WDI 2009–2018 (latest)
212,10,67.0,2018,WDI 2009–2018 (latest)
213,10,99.0,2018,WDI 2009–2018 (latest)
215,10,100.0,2018,WDI 2009–2018 (latest)
216,10,100.0,2018,WDI 2009–2018 (latest)
219,10,95.8,2018,WDI 2009–2018 (latest)
220,10,26.4,2018,WDI 2009–2018 (latest)
221,10,100.0,2018,WDI 2009–2018 (latest)
222,10,60.4,2018,WDI 2009–2018 (latest)
223,10,78.0,2018,WDI 2009–2018 (latest)
225,10,93.0,2018,WDI 2009–2018 (latest)
226,10,97.0,2018,WDI 2009–2018 (latest)
227,10,99.0,2018,WDI 2009–2018 (latest)
228,10,99.0,2018,WDI 2009–2018 (latest)
229,10,100.0,2018,WDI 2009–2018 (latest)
230,10,\N,2018,WDI 2009–2018 (latest)
231,10,\N,2018,WDI 2009–2018 (latest)
232,10,32.2,2018,WDI 2009–2018 (latest)
233,10,100.0,2018,WDI 2009–2018 (latest)
234,10,100.0,2018,WDI 2009–2018 (latest)
235,10,100.0,2018,WDI 2009–2018 (latest)
236,10,100.0,2018,WDI 2009–2018 (latest)
238,10,100.0,2018,WDI 2009–2018 (latest)
239,10,\N,2018,WDI 2009–2018 (latest)
240,10,43.0,2018,WDI 2009–2018 (latest)
242,10,96.0,2018,WDI 2009–2018 (latest)
244,10,\N,2018,WDI 2009–2018 (latest)
248,10,11.3,2018,WDI 2009–2018 (latest)
249,10,38.0,2018,WDI 2009–2018 (latest)
1,11,\N,2016,WDI 2008–2016
3,11,53.0,2016,WDI 2008–2016
4,11,\N,2016,WDI 2008–2016
5,11,\N,2016,WDI 2008–2016
6,11,80.0,2016,WDI 2008–2016
7,11,\N,2016,WDI 2008–2016
10,11,79.0,2016,WDI 2008–2016
11,11,100.0,2016,WDI 2008–2016
12,11,76.0,2016,WDI 2008–2016
13,11,\N,2016,WDI 2008–2016
14,11,100.0,2016,WDI 2008–2016
15,11,100.0,2016,WDI 2008–2016
16,11,\N,2016,WDI 2008–2016
18,11,88.0,2016,WDI 2008–2016
19,11,\N,2016,WDI 2008–2016
20,11,100.0,2016,WDI 2008–2016
21,11,100.0,2016,WDI 2008–2016
22,11,100.0,2016,WDI 2008–2016
23,11,100.0,2016,WDI 2008–2016
24,11,\N,2016,WDI 2008–2016
25,11,\N,2016,WDI 2008–2016
26,11,\N,2016,WDI 2008–2016
27,11,\N,2016,WDI 2008–2016
30,11,\N,2016,WDI 2008–2016
32,11,93.0,2016,WDI 2008–2016
34,11,89.0,2016,WDI 2008–2016
35,11,100.0,2016,WDI 2008–2016
36,11,\N,2016,WDI 2008–2016
37,11,\N,2016,WDI 2008–2016
38,11,\N,2016,WDI 2008–2016
39,11,\N,2016,WDI 2008–2016
40,11,\N,2016,WDI 2008–2016
41,11,100.0,2016,WDI 2008–2016
42,11,\N,2016,WDI 2008–2016
43,11,\N,2016,WDI 2008–2016
44,11,\N,2016,WDI 2008–2016
45,11,100.0,2016,WDI 2008–2016
46,11,4.0,2016,WDI 2008–2016
49,11,98.0,2016,WDI 2008–2016
50,11,\N,2016,WDI 2008–2016
54,11,91.0,2016,WDI 2008–2016
56,11,100.0,2016,WDI 2008–2016
57,11,98.0,2016,WDI 2008–2016
59,11,86.0,2016,WDI 2008–2016
60,11,100.0,2016,WDI 2008–2016
61,11,98.0,2016,WDI 2008–2016
62,11,\N,2016,WDI 2008–2016
63,11,100.0,2016,WDI 2008–2016
64,11,56.9,2016,WDI 2008–2016
65,11,80.0,2016,WDI 2008–2016
67,11,78.0,2016,WDI 2008–2016
68,11,\N,2016,WDI 2008–2016
69,11,\N,2016,WDI 2008–2016
70,11,100.0,2016,WDI 2008–2016
71,11,\N,2016,WDI 2008–2016
72,11,\N,2016,WDI 2008–2016
74,11,\N,2016,WDI 2008–2016
75,11,100.0,2016,WDI 2008–2016
76,11,100.0,2016,WDI 2008–2016
77,11,100.0,2016,WDI 2008–2016
79,11,\N,2016,WDI 2008–2016
81,11,\N,2016,WDI 2008–2016
83,11,98.0,2016,WDI 2008–2016
84,11,100.0,2016,WDI 2008–2016
85,11,\N,2016,WDI 2008–2016
87,11,100.0,2016,WDI 2008–2016
88,11,\N,2016,WDI 2008–2016
89,11,100.0,2016,WDI 2008–2016
91,11,\N,2016,WDI 2008–2016
92,11,92.0,2016,WDI 2008–2016
94,11,\N,2016,WDI 2008–2016
96,11,81.0,2016,WDI 2008–2016
97,11,\N,2016,WDI 2008–2016
100,11,17.0,2016,WDI 2008–2016
102,11,100.0,2016,WDI 2008–2016
103,11,100.0,2016,WDI 2008–2016
104,11,\N,2016,WDI 2008–2016
105,11,\N,2016,WDI 2008–2016
107,11,65.0,2016,WDI 2008–2016
108,11,100.0,2016,WDI 2008–2016
109,11,\N,2016,WDI 2008–2016
110,11,100.0,2016,WDI 2008–2016
111,11,100.0,2016,WDI 2008–2016
112,11,\N,2016,WDI 2008–2016
113,11,100.0,2016,WDI 2008–2016
115,11,65.0,2016,WDI 2008–2016
116,11,91.0,2016,WDI 2008–2016
117,11,\N,2016,WDI 2008–2016
118,11,\N,2016,WDI 2008–2016
121,11,95.0,2016,WDI 2008–2016
124,11,100.0,2016,WDI 2008–2016
125,11,\N,2016,WDI 2008–2016
126,11,\N,2016,WDI 2008–2016
127,11,\N,2016,WDI 2008–2016
128,11,\N,2016,WDI 2008–2016
129,11,\N,2016,WDI 2008–2016
130,11,100.0,2016,WDI 2008–2016
131,11,100.0,2016,WDI 2008–2016
133,11,\N,2016,WDI 2008–2016
134,11,\N,2016,WDI 2008–2016
135,11,56.0,2016,WDI 2008–2016
136,11,84.0,2016,WDI 2008–2016
137,11,\N,2016,WDI 2008–2016
138,11,99.9,2016,WDI 2008–2016
139,11,\N,2016,WDI 2008–2016
141,11,\N,2016,WDI 2008–2016
142,11,100.0,2016,WDI 2008–2016
144,11,99.0,2016,WDI 2008–2016
146,11,90.0,2016,WDI 2008–2016
147,11,80.0,2016,WDI 2008–2016
148,11,92.0,2016,WDI 2008–2016
149,11,100.0,2016,WDI 2008–2016
151,11,24.3,2016,WDI 2008–2016
152,11,\N,2016,WDI 2008–2016
153,11,\N,2016,WDI 2008–2016
154,11,\N,2016,WDI 2008–2016
156,11,\N,2016,WDI 2008–2016
157,11,100.0,2016,WDI 2008–2016
158,11,\N,2016,WDI 2008–2016
159,11,100.0,2016,WDI 2008–2016
160,11,68.0,2016,WDI 2008–2016
161,11,\N,2016,WDI 2008–2016
162,11,\N,2016,WDI 2008–2016
166,11,\N,2016,WDI 2008–2016
167,11,100.0,2016,WDI 2008–2016
168,11,87.0,2016,WDI 2008–2016
169,11,\N,2016,WDI 2008–2016
170,11,\N,2016,WDI 2008–2016
172,11,90.0,2016,WDI 2008–2016
173,11,\N,2016,WDI 2008–2016
174,11,81.0,2016,WDI 2008–2016
175,11,69.0,2016,WDI 2008–2016
176,11,90.0,2016,WDI 2008–2016
178,11,100.0,2016,WDI 2008–2016
179,11,100.0,2016,WDI 2008–2016
180,11,\N,2016,WDI 2008–2016
181,11,77.0,2016,WDI 2008–2016
183,11,100.0,2016,WDI 2008–2016
185,11,\N,2016,WDI 2008–2016
193,11,\N,2016,WDI 2008–2016
194,11,\N,2016,WDI 2008–2016
195,11,\N,2016,WDI 2008–2016
196,11,51.0,2016,WDI 2008–2016
197,11,\N,2016,WDI 2008–2016
198,11,90.0,2016,WDI 2008–2016
199,11,100.0,2016,WDI 2008–2016
200,11,\N,2016,WDI 2008–2016
201,11,74.0,2016,WDI 2008–2016
202,11,\N,2016,WDI 2008–2016
204,11,100.0,2016,WDI 2008–2016
205,11,\N,2016,WDI 2008–2016
206,11,\N,2016,WDI 2008–2016
207,11,91.0,2016,WDI 2008–2016
209,11,\N,2016,WDI 2008–2016
210,11,100.0,2016,WDI 2008–2016
211,11,\N,2016,WDI 2008–2016
212,11,\N,2016,WDI 2008–2016
213,11,100.0,2016,WDI 2008–2016
215,11,100.0,2016,WDI 2008–2016
216,11,100.0,2016,WDI 2008–2016
219,11,\N,2016,WDI 2008–2016
220,11,\N,2016,WDI 2008–2016
221,11,\N,2016,WDI 2008–2016
222,11,\N,2016,WDI 2008–2016
223,11,\N,2016,WDI 2008–2016
225,11,\N,2016,WDI 2008–2016
226,11,85.0,2016,WDI 2008–2016
227,11,37.0,2016,WDI 2008–2016
228,11,78.0,2016,WDI 2008–2016
229,11,\N,2016,WDI 2008–2016
230,11,\N,2016,WDI 2008–2016
231,11,\N,2016,WDI 2008–2016
232,11,\N,2016,WDI 2008–2016
233,11,99.0,2016,WDI 2008–2016
234,11,87.0,2016,WDI 2008–2016
235,11,100.0,2016,WDI 2008–2016
236,11,98.0,2016,WDI 2008–2016
238,11,99.0,2016,WDI 2008–2016
239,11,\N,2016,WDI 2008–2016
240,11,\N,2016,WDI 2008–2016
242,11,\N,2016,WDI 2008–2016
244,11,\N,2016,WDI 2008–2016
248,11,\N,2016,WDI 2008–2016
249,11,\N,2016,WDI 2008–2016
